,id_estudiante,propuesta,estado_inscripcion,fecha_ingreso,fecha_inscripcion,ingreso_aprobadas,ingreso_libres,ingreso_totales,cursadas_aprobadas,cursadas_regulares,cursadas_libres,cursadas_totales,inscripciones_examenes,examenes_aprobados,anio_ingreso,fecha_ultimo_examen,anio_ultima_reinscripcion,promedio_sin_aplazos,promedio_con_aplazos,actividades_aprobadas,total_actividades,regular,calidad,segundo_anio
0,CB-015876-0,134,Pendiente,01/04/2020,04/12/2019,2,0,2,0,0,0,3,0,0,2020,23/08/2021,2021.0,6.4,6.4,5,40,S,A,S
1,CA-016187-5,130,Pendiente,01/04/2020,09/12/2019,2,0,2,0,0,0,3,0,0,2020,14/12/2020,2021.0,6.5,6.5,2,42,S,A,N
2,CA-016558-7,130,Pendiente,01/04/2020,10/02/2020,2,0,2,0,0,0,3,0,0,2020,,2021.0,8.17,8.17,6,42,S,A,S
3,CA-016164-6,130,Pendiente,01/04/2020,02/12/2019,0,2,2,0,0,0,3,0,0,2020,23/08/2021,2021.0,5.5,7.44,11,42,S,A,S
4,CA-016551-0,130,Aceptado,01/04/2020,10/02/2020,1,1,2,0,0,3,3,0,0,2020,,,0.0,0.0,0,42,N,P,N
5,CA-016538-2,130,Aceptado,01/04/2020,05/02/2020,1,1,2,0,0,3,3,0,0,2020,,2021.0,6.0,6.0,2,42,S,A,N
6,CA-016224-3,130,Pendiente,01/04/2020,16/12/2019,1,1,2,0,0,0,3,0,0,2020,,2021.0,7.0,7.0,3,42,S,A,N
7,CA-016150-6,130,Aceptado,01/04/2020,21/11/2019,1,1,2,1,0,2,3,0,0,2020,,,6.0,6.0,1,42,N,P,N
8,CA-016566-8,130,Aceptado,01/04/2020,12/02/2020,1,1,2,0,1,2,3,0,0,2020,14/12/2020,2021.0,6.33,8.5,2,42,S,A,N
9,CA-016226-0,130,Pendiente,01/04/2020,16/12/2019,2,0,2,0,0,0,3,0,0,2020,,,0.0,0.0,0,42,N,P,N
10,CA-016529-3,130,Pendiente,01/04/2020,04/02/2020,0,2,2,0,0,0,3,0,0,2020,20/08/2021,2021.0,4.5,7.0,5,42,S,A,S
11,CA-016549-8,130,Pendiente,01/04/2020,10/02/2020,2,0,2,0,0,0,3,0,0,2020,,2021.0,7.0,7.0,2,42,S,A,N
12,CA-016159-0,130,Pendiente,01/04/2020,28/11/2019,1,1,2,0,0,0,3,0,0,2020,,,7.0,7.0,1,42,N,P,N
13,CA-016156-5,130,Aceptado,01/04/2020,25/11/2019,0,2,2,1,1,1,3,0,0,2020,,,0.0,0.0,0,42,N,P,N
14,CA-016535-8,130,Aceptado,01/04/2020,04/02/2020,1,1,2,0,0,3,3,0,0,2020,,,0.0,0.0,0,42,N,P,N
15,CA-016175-1,130,Pendiente,01/04/2020,04/12/2019,2,0,2,0,0,0,3,0,0,2020,,,8.0,8.0,1,42,N,P,N
16,CA-007459-0,130,Aceptado,01/04/2020,26/02/2020,1,1,2,1,0,2,3,0,0,2020,,2021.0,7.0,7.0,15,42,S,A,S
17,CA-013037-6,130,Aceptado,01/04/2020,21/11/2019,1,1,2,2,0,1,3,0,0,2020,,2021.0,7.5,7.5,6,42,S,A,S
18,CA-016201-4,130,Aceptado,01/04/2020,11/12/2019,0,2,2,0,0,3,3,0,0,2020,,,0.0,0.0,0,42,N,P,N
19,CA-016173-5,130,Pendiente,01/04/2020,04/12/2019,1,1,2,0,0,0,3,0,0,2020,,2021.0,6.8,6.8,5,42,S,A,S
20,CA-016522-6,130,Pendiente,01/04/2020,04/02/2020,1,1,2,0,0,0,3,0,0,2020,16/03/2021,2021.0,7.67,7.67,3,42,S,A,N
21,CA-016540-4,130,Pendiente,01/04/2020,05/02/2020,2,0,2,0,0,0,3,0,0,2020,,,9.0,9.0,1,42,N,P,N
22,CA-010330-1,130,Aceptado,01/04/2020,21/11/2019,1,1,2,1,1,1,3,0,0,2020,,2021.0,7.2,7.2,5,42,S,A,S
23,CA-016155-7,130,Aceptado,01/04/2020,22/11/2019,1,1,2,0,0,3,3,0,0,2020,,2021.0,6.33,6.33,3,42,S,A,N
24,CA-016213-8,130,Aceptado,01/04/2020,13/12/2019,1,1,2,0,1,2,3,0,0,2020,,2021.0,6.0,6.0,2,42,S,A,N
25,CA-016210-3,130,Aceptado,01/04/2020,12/12/2019,0,2,2,0,0,3,3,0,0,2020,15/12/2020,2021.0,7.17,7.17,6,42,S,A,S
26,CA-016577-3,130,Pendiente,01/04/2020,14/02/2020,1,1,2,0,0,0,3,0,0,2020,,,0.0,0.0,0,42,N,P,N
27,CA-016545-5,130,Aceptado,01/04/2020,06/02/2020,1,1,2,0,0,3,3,0,0,2020,,2021.0,7.0,7.0,4,42,S,A,N
28,CA-003269-2,130,Aceptado,01/04/2020,22/11/2019,1,1,2,0,0,3,3,0,0,2020,,2021.0,6.58,6.58,18,42,S,A,S
29,CA-016220-1,130,Pendiente,01/04/2020,13/12/2019,1,1,2,0,0,0,3,0,0,2020,,,0.0,0.0,0,42,N,P,N
30,CA-016160-3,130,Pendiente,01/04/2020,28/11/2019,2,0,2,0,0,0,3,0,0,2020,23/08/2021,2021.0,6.0,6.0,6,42,S,A,S
31,CA-016225-1,130,Pendiente,01/04/2020,16/12/2019,2,0,2,0,0,0,3,0,0,2020,,,9.0,9.0,1,42,N,P,N
32,CA-010656-4,130,Aceptado,01/04/2020,15/11/2019,1,1,2,0,0,3,3,0,0,2020,,2021.0,8.0,8.0,3,42,S,A,N
33,CA-016546-3,130,Pendiente,01/04/2020,06/02/2020,2,0,2,0,0,0,3,0,0,2020,,2021.0,8.0,8.0,2,42,S,A,N
34,CA-015902-1,130,Pendiente,01/04/2020,06/12/2019,1,1,2,0,0,0,3,0,0,2020,,,6.0,6.0,1,42,N,P,N
35,CB-015902-2,134,Pendiente,01/04/2020,06/12/2019,2,0,2,0,0,0,3,0,0,2020,,,6.0,6.0,1,40,N,P,N
36,CA-016553-6,130,Pendiente,01/04/2020,10/02/2020,1,1,2,0,0,0,3,0,0,2020,,2021.0,6.0,6.0,2,42,S,A,N
37,CA-015912-9,130,Aceptado,01/04/2020,06/12/2019,2,0,2,0,0,3,3,0,0,2020,,,6.0,6.0,1,42,N,P,N
38,CA-016170-1,130,Aceptado,01/04/2020,03/12/2019,1,1,2,0,0,3,3,0,0,2020,,,0.0,0.0,0,42,N,P,N
39,CA-016196-4,130,Aceptado,01/04/2020,10/12/2019,2,0,2,0,1,2,3,0,0,2020,20/08/2021,2021.0,6.64,7.1,10,42,S,A,S
40,CA-016547-1,130,Pendiente,01/04/2020,06/02/2020,2,0,2,0,0,0,3,0,0,2020,,2021.0,6.8,6.8,5,42,S,A,S
41,CA-008316-5,130,Aceptado,01/04/2020,14/11/2019,1,1,2,1,0,2,3,0,0,2020,,2021.0,6.91,6.91,29,42,S,A,S
42,CA-016199-9,130,Pendiente,01/04/2020,11/12/2019,1,1,2,0,0,0,3,0,0,2020,19/08/2021,2021.0,7.54,7.54,18,42,S,A,S
43,CB-015852-2,134,Pendiente,01/04/2020,03/12/2019,0,2,2,0,0,0,3,0,0,2020,,2021.0,7.5,7.5,2,40,S,A,N
44,CA-016176-0,130,Pendiente,01/04/2020,04/12/2019,1,1,2,0,0,0,3,0,0,2020,20/08/2021,2021.0,6.14,7.4,5,42,S,A,S
45,CA-016207-3,130,Aceptado,01/04/2020,12/12/2019,0,2,2,0,1,2,3,0,0,2020,03/08/2021,2021.0,7.33,7.33,4,42,S,A,N
46,CA-016576-5,130,Aceptado,01/04/2020,14/02/2020,0,2,2,0,1,2,3,0,0,2020,,,7.0,7.0,1,42,N,P,N
47,CA-016203-1,130,Pendiente,01/04/2020,11/12/2019,1,1,2,0,0,0,3,0,0,2020,,,0.0,0.0,0,42,N,P,N
48,CA-016568-4,130,Aceptado,01/04/2020,13/02/2020,1,1,2,0,0,3,3,1,1,2020,19/08/2021,2021.0,7.5,7.5,6,42,S,A,S
49,CA-016217-1,130,Pendiente,01/04/2020,13/12/2019,2,0,2,0,0,0,3,0,0,2020,05/08/2021,2021.0,6.0,6.25,4,42,S,A,N
50,CA-009394-2,130,Aceptado,01/04/2020,26/02/2020,2,0,2,1,1,1,3,0,0,2020,,2021.0,7.18,7.18,33,42,S,A,S
51,CA-016246-4,130,Pendiente,01/04/2020,18/12/2019,1,1,2,0,0,0,3,0,0,2020,23/08/2021,2021.0,7.82,7.82,17,42,S,A,S
52,CA-016144-1,130,Aceptado,01/04/2020,19/11/2019,1,1,2,1,0,2,3,0,0,2020,,,0.0,0.0,0,42,N,P,N
53,CA-016536-6,130,Aceptado,01/04/2020,04/02/2020,1,1,2,1,0,2,3,0,0,2020,20/08/2021,2021.0,6.25,7.67,3,42,S,A,N
54,CB-015899-9,134,Aceptado,01/04/2020,05/12/2019,2,0,2,1,0,2,3,0,0,2020,,2021.0,8.0,8.0,2,40,S,A,N
55,CA-016561-7,130,Aceptado,01/04/2020,11/02/2020,0,2,2,0,2,1,3,0,0,2020,,,7.0,7.0,1,42,N,P,N
56,CA-016227-8,130,Aceptado,01/04/2020,16/12/2019,0,2,2,0,1,2,3,0,0,2020,18/08/2021,2021.0,7.5,7.5,6,42,S,A,S
57,CA-016567-6,130,Aceptado,01/04/2020,13/02/2020,1,1,2,1,0,2,3,0,0,2020,,,0.0,0.0,0,42,N,P,N
58,CA-016562-5,130,Aceptado,01/04/2020,11/02/2020,1,1,2,1,1,1,3,1,0,2020,,2021.0,7.0,7.0,2,42,S,A,N
59,CA-016571-4,130,Pendiente,01/04/2020,14/02/2020,2,0,2,0,0,0,3,0,0,2020,20/08/2021,2021.0,6.6,7.75,4,42,S,A,N
60,CA-016185-9,130,Aceptado,01/04/2020,06/12/2019,1,1,2,0,1,2,3,0,0,2020,,2021.0,7.0,7.0,2,42,S,A,N
61,CA-016218-9,130,Pendiente,01/04/2020,13/12/2019,1,1,2,0,0,0,3,0,0,2020,18/08/2021,2021.0,7.33,7.33,5,42,S,A,S
62,CA-016533-1,130,Aceptado,01/04/2020,04/02/2020,1,1,2,0,0,3,3,0,0,2020,05/08/2021,2021.0,7.0,7.33,9,42,S,A,S
63,CA-016248-1,130,Pendiente,01/04/2020,18/12/2019,0,2,2,0,0,0,3,0,0,2020,20/08/2021,2021.0,4.57,7.67,3,42,S,A,N
64,CA-016188-3,130,Pendiente,01/04/2020,09/12/2019,1,1,2,0,0,0,3,0,0,2020,,,8.0,8.0,1,42,N,P,N
65,CA-016569-2,130,Aceptado,01/04/2020,13/02/2020,1,1,2,0,0,3,3,0,0,2020,,,0.0,0.0,0,42,N,P,N
66,CA-008718-7,130,Aceptado,01/04/2020,14/02/2020,2,0,2,0,1,2,3,0,0,2020,,2021.0,6.83,6.83,12,42,S,A,S
67,CA-016198-1,130,Pendiente,01/04/2020,11/12/2019,2,0,2,0,0,0,3,0,0,2020,20/08/2021,2021.0,4.25,6.5,2,42,S,A,N
68,CA-011515-6,130,Aceptado,01/04/2020,15/11/2019,1,1,2,0,2,1,3,0,0,2020,,2021.0,7.36,7.36,14,42,S,A,S
69,CA-016174-3,130,Pendiente,01/04/2020,04/12/2019,2,0,2,0,0,0,3,0,0,2020,05/08/2021,2021.0,4.5,6.75,4,42,S,A,N
70,CA-016161-1,130,Pendiente,01/04/2020,29/11/2019,2,0,2,0,0,0,3,0,0,2020,23/08/2021,2021.0,6.58,7.1,12,42,S,A,S
71,CA-009376-4,130,Aceptado,01/04/2020,13/02/2020,1,1,2,1,1,1,3,0,0,2020,,2021.0,7.57,7.57,14,42,S,A,S
72,CB-015853-1,134,Pendiente,01/04/2020,03/12/2019,0,2,2,0,0,0,3,0,0,2020,20/08/2021,2021.0,6.08,7.11,9,40,S,A,S
73,CA-016200-6,130,Aceptado,01/04/2020,11/12/2019,1,1,2,1,0,2,3,0,0,2020,,,0.0,0.0,0,42,N,P,N
74,CA-016241-3,130,Aceptado,01/04/2020,17/12/2019,2,0,2,0,1,2,3,0,0,2020,,,8.0,8.0,1,42,N,P,N
75,CB-015910-3,134,Pendiente,01/04/2020,06/12/2019,2,0,2,0,0,0,3,0,0,2020,23/08/2021,2021.0,4.14,6.67,3,40,S,A,N
76,CA-016230-8,130,Pendiente,01/04/2020,16/12/2019,1,1,2,0,0,0,3,0,0,2020,,,7.0,7.0,1,42,N,P,N
77,CA-016215-4,130,Pendiente,01/04/2020,13/12/2019,2,0,2,0,0,0,3,0,0,2020,23/08/2021,2021.0,5.5,7.25,4,42,S,A,N
78,CA-016564-1,130,Aceptado,01/04/2020,11/02/2020,0,2,2,1,1,1,3,0,0,2020,,,6.0,6.0,1,42,N,P,N
79,CA-016776-8,130,Pendiente,01/04/2020,12/03/2020,2,0,2,0,0,0,3,0,0,2020,,,8.0,8.0,1,42,N,P,N
80,CA-016247-2,130,Aceptado,01/04/2020,18/12/2019,2,0,2,0,2,1,3,0,0,2020,,,0.0,0.0,0,42,N,P,N
81,CA-016148-4,130,Aceptado,01/04/2020,20/11/2019,1,1,2,0,0,3,3,0,0,2020,,,6.0,6.0,1,42,N,P,N
82,CA-016154-9,130,Aceptado,01/04/2020,22/11/2019,2,0,2,0,2,1,3,0,0,2020,,2021.0,7.5,7.5,2,42,S,A,N
83,CA-016559-5,130,Pendiente,01/04/2020,10/02/2020,2,0,2,0,0,0,3,0,0,2020,,,0.0,0.0,0,42,N,P,N
84,CA-016531-5,130,Aceptado,01/04/2020,04/02/2020,1,1,2,3,0,0,3,0,0,2020,19/08/2021,2021.0,7.33,7.33,17,42,S,A,S
85,CA-016143-3,130,Aceptado,01/04/2020,19/11/2019,1,1,2,1,0,2,3,0,0,2020,05/08/2021,2021.0,4.14,6.67,3,42,S,A,N
86,CA-016202-2,130,Pendiente,01/04/2020,11/12/2019,1,1,2,0,0,0,3,0,0,2020,,,0.0,0.0,0,42,N,P,N
87,CA-016237-5,130,Aceptado,01/04/2020,17/12/2019,2,0,2,1,0,2,3,1,1,2020,19/08/2021,2021.0,7.17,7.17,10,42,S,A,S
88,CA-009540-6,130,Aceptado,01/04/2020,26/02/2020,1,1,2,0,1,2,3,0,0,2020,,2021.0,7.38,7.38,16,42,S,A,S
89,CA-015081-4,130,Pendiente,01/04/2020,12/02/2020,1,1,2,0,0,0,3,0,0,2020,,,0.0,0.0,0,42,N,P,N
90,CA-016182-4,130,Pendiente,01/04/2020,06/12/2019,1,1,2,0,0,0,3,0,0,2020,20/03/2021,2021.0,5.0,7.25,4,42,S,A,N
91,CA-016245-6,130,Pendiente,01/04/2020,18/12/2019,2,0,2,0,0,0,3,0,0,2020,,,9.0,9.0,1,42,N,P,N
92,CA-016494-7,130,Pendiente,01/04/2020,10/02/2020,2,0,2,0,0,0,3,0,0,2020,,,8.0,8.0,1,42,N,P,N
93,CB-016494-8,134,Pendiente,01/04/2020,10/02/2020,1,1,2,0,0,0,3,0,0,2020,15/03/2021,2021.0,6.67,6.67,3,40,S,A,N
94,CA-016195-6,130,Pendiente,01/04/2020,10/12/2019,2,0,2,0,0,0,3,0,0,2020,,,9.0,9.0,1,42,N,P,N
95,CA-016572-2,130,Pendiente,01/04/2020,14/02/2020,2,0,2,0,0,0,3,0,0,2020,,,0.0,0.0,0,42,N,P,N
96,CA-016163-8,130,Pendiente,01/04/2020,29/11/2019,2,0,2,0,0,0,3,0,0,2020,23/08/2021,2021.0,6.6,7.75,4,42,S,A,N
97,CA-016526-9,130,Aceptado,01/04/2020,04/02/2020,1,1,2,0,0,3,3,0,0,2020,,2021.0,7.0,7.0,2,42,S,A,N
98,CA-016189-1,130,Aceptado,01/04/2020,10/12/2019,2,0,2,2,0,1,3,0,0,2020,,,8.0,8.0,1,42,N,P,N
99,CA-016527-7,130,Aceptado,01/04/2020,04/02/2020,0,2,2,0,2,1,3,0,0,2020,19/08/2021,2021.0,8.08,8.08,17,42,S,A,S
100,CA-016184-1,130,Pendiente,01/04/2020,06/12/2019,2,0,2,0,0,0,3,0,0,2020,,2021.0,7.0,7.0,3,42,S,A,N
101,CA-016530-7,130,Aceptado,01/04/2020,04/02/2020,2,0,2,0,1,2,3,0,0,2020,,2021.0,7.0,7.0,2,42,S,A,N
102,CA-016543-9,130,Pendiente,01/04/2020,05/02/2020,0,2,2,0,0,0,3,0,0,2020,,,0.0,0.0,0,42,N,P,N
103,CA-016541-2,130,Aceptado,01/04/2020,05/02/2020,1,1,2,0,1,2,3,0,0,2020,,2021.0,7.5,7.5,2,42,S,A,N
104,CA-005300-2,130,Aceptado,01/04/2020,26/02/2020,1,1,2,0,0,3,3,0,0,2020,,,0.0,0.0,0,42,N,P,N
105,CA-016149-2,130,Aceptado,01/04/2020,20/11/2019,2,0,2,0,2,1,3,0,0,2020,23/08/2021,2021.0,5.23,6.88,13,42,S,A,S
106,CA-016523-4,130,Pendiente,01/04/2020,04/02/2020,1,1,2,0,0,0,3,0,0,2020,,,8.0,8.0,1,42,N,P,N
107,CA-016242-1,130,Aceptado,01/04/2020,18/12/2019,0,2,2,0,2,1,3,0,0,2020,,,8.0,8.0,1,42,N,P,N
108,CA-011910-1,130,Aceptado,01/04/2020,21/11/2019,1,1,2,1,1,1,3,0,0,2020,,2021.0,6.0,6.0,2,42,S,A,N
109,CA-008422-6,130,Aceptado,01/04/2020,07/11/2019,1,1,2,0,0,3,3,0,0,2020,,2021.0,7.14,7.14,32,42,S,A,S
110,CA-016211-1,130,Aceptado,01/04/2020,13/12/2019,1,1,2,0,1,2,3,0,0,2020,,2021.0,7.0,7.0,2,42,S,A,N
111,CA-016152-2,130,Aceptado,01/04/2020,21/11/2019,1,1,2,0,1,2,3,0,0,2020,23/08/2021,2021.0,7.38,7.38,20,42,S,A,S
112,CA-016151-4,130,Aceptado,01/04/2020,21/11/2019,1,1,2,0,0,3,3,0,0,2020,,,0.0,0.0,0,42,N,P,N
113,CA-016550-1,130,Aceptado,01/04/2020,10/02/2020,2,0,2,1,1,1,3,0,0,2020,,2021.0,7.5,7.5,2,42,S,A,N
114,CA-016233-2,130,Pendiente,01/04/2020,16/12/2019,1,1,2,0,0,0,3,0,0,2020,27/02/2021,2021.0,7.14,7.14,8,42,S,A,S
115,CA-016235-9,130,Pendiente,01/04/2020,17/12/2019,2,0,2,0,0,0,3,0,0,2020,,2021.0,7.5,7.5,4,42,S,A,N
116,CA-016180-8,130,Aceptado,01/04/2020,05/12/2019,2,0,2,3,0,0,3,0,0,2020,17/12/2020,2021.0,6.25,7.67,3,42,S,A,N
117,CA-016528-5,130,Aceptado,01/04/2020,04/02/2020,2,0,2,0,1,2,3,0,0,2020,,,7.0,7.0,1,42,N,P,N
118,CA-016168-9,130,Pendiente,01/04/2020,03/12/2019,2,0,2,0,0,0,3,0,0,2020,20/03/2021,2021.0,4.5,7.0,5,42,S,A,S
119,CA-016563-3,130,Aceptado,01/04/2020,11/02/2020,2,0,2,0,0,3,3,0,0,2020,,,8.0,8.0,1,42,N,P,N
120,CA-016145-0,130,Aceptado,01/04/2020,19/11/2019,1,1,2,1,0,2,3,0,0,2020,,,0.0,0.0,0,42,N,P,N
121,CA-016194-8,130,Aceptado,01/04/2020,10/12/2019,2,0,2,2,0,1,3,0,0,2020,,,0.0,0.0,0,42,N,P,N
122,CA-016249-9,130,Pendiente,01/04/2020,18/12/2019,1,1,2,0,0,0,3,0,0,2020,,2021.0,6.67,6.67,3,42,S,A,N
123,CA-016167-1,130,Pendiente,01/04/2020,02/12/2019,1,1,2,0,0,0,3,0,0,2020,,,7.0,7.0,1,42,N,P,N
124,CA-016238-3,130,Pendiente,01/04/2020,17/12/2019,0,2,2,0,0,0,3,0,0,2020,,,0.0,0.0,0,42,N,P,N
125,CA-016191-3,130,Pendiente,01/04/2020,10/12/2019,2,0,2,0,0,0,3,0,0,2020,20/08/2021,2021.0,6.4,7.57,7,42,S,A,S
126,CA-015854-8,130,Pendiente,01/04/2020,03/12/2019,2,0,2,0,0,0,3,0,0,2020,,2021.0,7.75,7.75,4,42,S,A,N
127,CB-015854-9,134,Pendiente,01/04/2020,03/12/2019,0,2,2,0,0,0,3,0,0,2020,23/08/2021,2021.0,6.6,7.75,4,40,S,A,N
128,CA-016565-0,130,Pendiente,01/04/2020,11/02/2020,0,2,2,0,0,0,3,0,0,2020,,,0.0,0.0,0,42,N,P,N
129,CA-016178-6,130,Aceptado,01/04/2020,04/12/2019,2,0,2,0,0,3,3,0,0,2020,23/08/2021,2021.0,6.38,7.83,6,42,S,A,S
130,CA-016534-0,130,Aceptado,01/04/2020,04/02/2020,1,1,2,0,2,1,3,0,0,2020,,2021.0,7.0,7.0,3,42,S,A,N
131,CA-016228-6,130,Pendiente,01/04/2020,16/12/2019,1,1,2,0,0,0,3,0,0,2020,,,0.0,0.0,0,42,N,P,N
132,CA-016165-4,130,Pendiente,01/04/2020,02/12/2019,2,0,2,0,0,0,3,0,0,2020,,,8.0,8.0,1,42,N,P,N
133,CA-016524-2,130,Aceptado,01/04/2020,04/02/2020,1,1,2,2,0,1,3,0,0,2020,23/08/2021,2021.0,6.2,7.25,4,42,S,A,N
134,CA-016560-9,130,Aceptado,01/04/2020,11/02/2020,1,1,2,0,0,3,3,1,1,2020,,2021.0,6.5,6.5,2,42,S,A,N
135,CA-016153-1,130,Aceptado,01/04/2020,21/11/2019,2,0,2,1,0,2,3,0,0,2020,,,0.0,0.0,0,42,N,P,N
136,CA-016221-9,130,Aceptado,01/04/2020,13/12/2019,0,2,2,0,2,1,3,0,0,2020,,2021.0,7.5,7.5,2,42,S,A,N
137,CA-016542-1,130,Aceptado,01/04/2020,05/02/2020,2,0,2,2,0,1,3,0,0,2020,20/08/2021,2021.0,7.71,7.71,9,42,S,A,S
138,CA-016197-2,130,Pendiente,01/04/2020,11/12/2019,1,1,2,0,0,0,3,0,0,2020,20/08/2021,2021.0,6.23,7.2,10,42,S,A,S
139,CA-016171-9,130,Pendiente,01/04/2020,04/12/2019,1,1,2,0,0,0,3,0,0,2020,,2021.0,7.5,7.5,6,42,S,A,S
140,CA-016552-8,130,Aceptado,01/04/2020,10/02/2020,2,0,2,1,0,2,3,1,0,2020,20/08/2021,2021.0,5.0,8.0,5,42,S,A,S
141,CA-016525-1,130,Pendiente,01/04/2020,04/02/2020,2,0,2,0,0,0,3,0,0,2020,05/08/2021,2021.0,4.75,6.4,7,42,S,A,S
142,CA-016204-9,130,Pendiente,01/04/2020,11/12/2019,1,1,2,0,0,0,3,0,0,2020,,2021.0,6.0,6.0,2,42,S,A,N
143,CA-015074-1,130,Pendiente,01/04/2020,11/02/2020,1,1,2,0,0,0,3,0,0,2020,,,0.0,0.0,0,42,N,P,N
144,CA-016234-1,130,Pendiente,01/04/2020,17/12/2019,1,1,2,0,0,0,3,0,0,2020,23/08/2021,2021.0,5.75,7.0,3,42,S,A,N
145,CA-016229-4,130,Aceptado,01/04/2020,16/12/2019,1,1,2,2,0,1,3,0,0,2020,,2021.0,7.5,7.5,2,42,S,A,N
146,CA-016208-1,130,Aceptado,01/04/2020,12/12/2019,1,1,2,1,1,1,3,0,0,2020,,,0.0,0.0,0,42,N,P,N
147,CA-012191-1,130,Aceptado,01/04/2020,11/11/2019,0,2,2,1,0,2,3,0,0,2020,,2021.0,7.5,7.5,6,42,S,A,S
148,CB-015911-1,134,Pendiente,01/04/2020,06/12/2019,1,1,2,0,0,0,3,0,0,2020,27/02/2021,2021.0,6.0,7.33,3,40,S,A,N
149,CA-016177-8,130,Pendiente,01/04/2020,04/12/2019,1,1,2,0,0,0,3,0,0,2020,18/08/2021,2021.0,8.0,8.0,11,42,S,A,S
150,CA-016557-9,130,Aceptado,01/04/2020,10/02/2020,1,1,2,1,2,0,3,0,0,2020,,,8.0,8.0,1,42,N,P,N
151,CA-016548-0,130,Pendiente,01/04/2020,06/02/2020,2,0,2,0,0,0,3,0,0,2020,,2021.0,6.0,6.0,2,42,S,A,N
152,CA-016183-2,130,Pendiente,01/04/2020,06/12/2019,0,2,2,0,0,0,3,0,0,2020,24/02/2021,2021.0,6.5,6.5,2,42,S,A,N
153,CA-016544-7,130,Aceptado,01/04/2020,06/02/2020,1,1,2,0,0,3,3,0,0,2020,,,0.0,0.0,0,42,N,P,N
154,CA-016765-2,130,Aceptado,01/04/2020,03/03/2020,0,2,2,1,0,2,3,0,0,2020,,,6.0,6.0,1,42,N,P,N
155,CA-008588-5,130,Aceptado,01/04/2020,26/02/2020,1,1,2,0,1,2,3,0,0,2020,,2021.0,6.86,6.86,22,42,S,A,S
156,CA-016190-5,130,Aceptado,01/04/2020,10/12/2019,2,0,2,0,2,1,3,0,0,2020,20/03/2021,2021.0,7.2,7.2,5,42,S,A,S
157,CA-016169-7,130,Pendiente,01/04/2020,03/12/2019,1,1,2,0,0,0,3,0,0,2020,27/02/2021,2021.0,7.0,7.63,8,42,S,A,S
158,CA-006491-8,130,Aceptado,01/04/2020,20/11/2019,1,1,2,1,1,1,3,0,0,2020,19/12/2020,2021.0,7.3,7.3,38,42,S,A,S
159,CA-016157-3,130,Aceptado,01/04/2020,25/11/2019,0,2,2,0,1,2,3,0,0,2020,18/08/2021,2021.0,7.0,7.56,13,42,S,A,S
160,CA-008313-1,130,Aceptado,01/04/2020,26/02/2020,1,1,2,0,1,2,3,0,0,2020,,2021.0,7.81,7.81,37,42,S,A,S
161,CA-016223-5,130,Pendiente,01/04/2020,16/12/2019,1,1,2,0,0,0,3,0,0,2020,20/08/2021,2021.0,5.0,6.2,5,42,S,A,S
162,CB-015914-6,134,Aceptado,01/04/2020,06/12/2019,0,2,2,0,1,2,3,0,0,2020,,2021.0,8.0,8.0,2,40,S,A,N
163,CB-015898-1,134,Pendiente,01/04/2020,05/12/2019,0,2,2,0,0,0,3,0,0,2020,23/08/2021,2021.0,6.8,8.0,4,40,S,A,N
164,CB-015788-7,134,Pendiente,01/04/2020,19/11/2019,0,2,2,0,0,0,3,0,0,2020,,2021.0,7.5,7.5,2,40,S,A,N
165,CB-015884-1,134,Pendiente,01/04/2020,05/12/2019,1,1,2,0,0,0,3,0,0,2020,18/08/2021,2021.0,7.67,7.67,10,40,S,A,S
166,CB-016424-7,134,Pendiente,01/04/2020,05/02/2020,1,1,2,0,0,0,3,0,0,2020,,,0.0,0.0,0,40,N,P,N
167,CB-016073-0,134,Pendiente,01/04/2020,17/12/2019,1,1,2,0,0,0,3,0,0,2020,,,0.0,0.0,0,40,N,P,N
168,CB-016411-5,134,Aceptado,01/04/2020,04/02/2020,1,1,2,0,0,3,3,0,0,2020,,2021.0,7.5,7.5,2,40,S,A,N
169,CB-015958-8,134,Pendiente,01/04/2020,10/12/2019,1,1,2,0,0,0,3,0,0,2020,,2021.0,7.75,7.75,4,40,S,A,N
170,CB-015943-0,134,Pendiente,01/04/2020,10/12/2019,1,1,2,0,0,0,3,0,0,2020,,2021.0,8.8,8.8,5,40,S,A,S
171,CB-015921-9,134,Pendiente,01/04/2020,09/12/2019,1,1,2,0,0,0,3,0,0,2020,,,8.0,8.0,1,40,N,P,N
172,CB-015032-7,134,Aceptado,01/04/2020,12/02/2020,2,0,2,0,0,3,3,0,0,2020,,2021.0,8.5,8.5,2,40,S,A,N
173,CB-016009-8,134,Aceptado,01/04/2020,12/12/2019,1,1,2,2,1,0,3,0,0,2020,18/08/2021,2021.0,6.43,7.17,8,40,S,A,S
174,CB-016125-6,134,Pendiente,01/04/2020,18/12/2019,2,0,2,0,0,0,3,0,0,2020,23/08/2021,2021.0,7.8,7.8,6,40,S,A,S
175,CB-015806-9,134,Aceptado,01/04/2020,25/11/2019,1,1,2,0,0,3,3,1,0,2020,18/08/2021,2021.0,9.0,9.0,3,40,S,A,N
176,CB-016445-0,134,Aceptado,01/04/2020,10/02/2020,1,1,2,1,1,1,3,1,1,2020,,,8.0,8.0,1,40,N,P,N
177,CB-016417-4,134,Pendiente,01/04/2020,04/02/2020,1,1,2,0,0,0,3,0,0,2020,,,8.0,8.0,1,40,N,P,N
178,CB-016083-7,134,Pendiente,01/04/2020,17/12/2019,0,2,2,0,0,0,3,0,0,2020,,,0.0,0.0,0,40,N,P,N
179,CB-016055-1,134,Pendiente,01/04/2020,16/12/2019,1,1,2,0,0,0,3,0,0,2020,20/08/2021,2021.0,5.8,6.88,8,40,S,A,S
180,CB-015813-1,134,Pendiente,01/04/2020,26/11/2019,2,0,2,0,0,0,3,0,0,2020,,,0.0,0.0,0,40,N,P,N
181,CB-016038-1,134,Pendiente,01/04/2020,13/12/2019,1,1,2,0,0,0,3,0,0,2020,14/12/2020,2021.0,8.0,8.0,3,40,S,A,N
182,CB-015798-4,134,Aceptado,01/04/2020,21/11/2019,1,1,2,1,0,2,3,0,0,2020,,,0.0,0.0,0,40,N,P,N
183,CB-016495-6,134,Pendiente,01/04/2020,10/02/2020,1,1,2,0,0,0,3,0,0,2020,,,6.0,6.0,1,40,N,P,N
184,CB-015954-5,134,Pendiente,01/04/2020,10/12/2019,1,1,2,0,0,0,3,0,0,2020,20/08/2021,2021.0,5.31,6.75,8,40,S,A,S
185,CB-016779-3,134,Aceptado,01/04/2020,10/03/2020,1,1,2,1,0,2,3,0,0,2020,,,6.0,6.0,1,40,N,P,N
186,CB-015897-2,134,Pendiente,01/04/2020,05/12/2019,2,0,2,0,0,0,3,0,0,2020,23/08/2021,2021.0,5.33,7.0,9,40,S,A,S
187,CB-016454-9,134,Aceptado,01/04/2020,14/02/2020,1,1,2,0,0,3,3,0,0,2020,,,6.0,6.0,1,40,N,P,N
188,CB-015789-5,134,Aceptado,01/04/2020,19/11/2019,0,2,2,0,2,1,3,0,0,2020,,,0.0,0.0,0,40,N,P,N
189,CB-016121-3,134,Pendiente,01/04/2020,18/12/2019,2,0,2,0,0,0,3,0,0,2020,,2021.0,7.0,7.0,2,40,S,A,N
190,CB-016019-5,134,Pendiente,01/04/2020,12/12/2019,1,1,2,0,0,0,3,0,0,2020,,,7.0,7.0,1,40,N,P,N
191,CB-015815-8,134,Aceptado,01/04/2020,27/11/2019,1,1,2,0,0,3,3,0,0,2020,,,0.0,0.0,0,40,N,P,N
192,CB-015887-5,134,Pendiente,01/04/2020,05/12/2019,0,2,2,0,0,0,3,0,0,2020,18/08/2021,2021.0,6.33,7.2,7,40,S,A,S
193,CB-016041-1,134,Aceptado,01/04/2020,13/12/2019,0,2,2,0,1,2,3,0,0,2020,,,8.0,8.0,1,40,N,P,N
194,CB-015841-7,134,Pendiente,01/04/2020,03/12/2019,1,1,2,0,0,0,3,0,0,2020,18/08/2021,2021.0,7.33,7.33,5,40,S,A,S
195,CB-015856-5,134,Aceptado,01/04/2020,03/12/2019,1,1,2,0,0,3,3,0,0,2020,20/08/2021,2021.0,5.25,7.5,2,40,S,A,N
196,CB-016017-9,134,Pendiente,01/04/2020,12/12/2019,1,1,2,0,0,0,3,0,0,2020,23/08/2021,2021.0,5.23,6.33,14,40,S,A,S
197,CB-015870-1,134,Aceptado,01/04/2020,04/12/2019,1,1,2,0,2,1,3,0,0,2020,,2021.0,7.0,7.0,3,40,S,A,N
198,CB-016453-1,134,Aceptado,01/04/2020,13/02/2020,0,2,2,2,0,1,3,0,0,2020,,,7.0,7.0,1,40,N,P,N
199,CB-016497-2,134,Aceptado,01/04/2020,11/02/2020,1,1,2,0,1,2,3,0,0,2020,,2021.0,7.0,7.0,7,40,S,A,S
200,CB-015934-1,134,Aceptado,01/04/2020,09/12/2019,1,1,2,0,1,2,3,0,0,2020,,2021.0,8.33,8.33,3,40,S,A,N
201,CB-016510-3,134,Pendiente,01/04/2020,12/02/2020,1,1,2,0,0,0,3,0,0,2020,,,6.0,6.0,1,40,N,P,N
202,CB-015994-4,134,Pendiente,01/04/2020,12/12/2019,1,1,2,0,0,0,3,0,0,2020,16/03/2021,2021.0,6.5,6.5,2,40,S,A,N
203,CB-015834-4,134,Pendiente,01/04/2020,02/12/2019,1,1,2,0,0,0,3,0,0,2020,,2021.0,7.67,7.67,3,40,S,A,N
204,CB-015973-1,134,Pendiente,01/04/2020,11/12/2019,2,0,2,0,0,0,3,0,0,2020,,,0.0,0.0,0,40,N,P,N
205,CB-015819-1,134,Pendiente,01/04/2020,27/11/2019,2,0,2,0,0,0,3,0,0,2020,,2021.0,6.67,6.67,3,40,S,A,N
206,CB-015319-9,134,Aceptado,01/04/2020,12/02/2020,1,1,2,3,0,0,3,0,0,2020,,2021.0,8.0,8.0,3,40,S,A,N
207,CB-016047-1,134,Aceptado,01/04/2020,16/12/2019,1,1,2,1,0,2,3,0,0,2020,,,6.0,6.0,1,40,N,P,N
208,CB-015989-8,134,Pendiente,01/04/2020,11/12/2019,2,0,2,0,0,0,3,0,0,2020,,2021.0,8.5,8.5,2,40,S,A,N
209,CB-016042-0,134,Pendiente,01/04/2020,13/12/2019,1,1,2,0,0,0,3,0,0,2020,,2021.0,6.5,6.5,2,40,S,A,N
210,CB-016066-7,134,Pendiente,01/04/2020,17/12/2019,1,1,2,0,0,0,3,0,0,2020,,2021.0,7.0,7.0,3,40,S,A,N
211,CB-016503-1,134,Aceptado,01/04/2020,12/02/2020,2,0,2,0,0,3,3,0,0,2020,17/03/2021,2021.0,7.29,7.29,7,40,S,A,S
212,CB-016111-6,134,Pendiente,01/04/2020,18/12/2019,2,0,2,0,0,0,3,0,0,2020,,,7.0,7.0,1,40,N,P,N
213,CB-016080-2,134,Pendiente,01/04/2020,17/12/2019,0,2,2,0,0,0,3,0,0,2020,,,0.0,0.0,0,40,N,P,N
214,CB-015941-3,134,Pendiente,01/04/2020,09/12/2019,0,2,2,0,0,0,3,0,0,2020,20/08/2021,2021.0,5.83,6.56,9,40,S,A,S
215,CB-016091-8,134,Pendiente,01/04/2020,17/12/2019,1,1,2,0,0,0,3,0,0,2020,,,7.0,7.0,1,40,N,P,N
216,CB-015827-1,134,Aceptado,01/04/2020,28/11/2019,2,0,2,0,0,3,3,0,0,2020,15/03/2021,2021.0,6.5,8.0,3,40,S,A,N
217,CB-015923-5,134,Aceptado,01/04/2020,09/12/2019,2,0,2,1,0,2,3,0,0,2020,,2021.0,7.5,7.5,4,40,S,A,N
218,CB-015842-5,134,Pendiente,01/04/2020,03/12/2019,1,1,2,0,0,0,3,0,0,2020,20/08/2021,2021.0,6.5,8.0,3,40,S,A,N
219,CB-016137-0,134,Pendiente,01/04/2020,18/12/2019,1,1,2,0,0,0,3,0,0,2020,,,9.0,9.0,1,40,N,P,N
220,CB-016499-9,134,Aceptado,01/04/2020,11/02/2020,2,0,2,0,2,1,3,0,0,2020,,,0.0,0.0,0,40,N,P,N
221,CB-015961-8,134,Pendiente,01/04/2020,10/12/2019,1,1,2,0,0,0,3,0,0,2020,,,6.0,6.0,1,40,N,P,N
222,CB-015781-0,134,Aceptado,01/04/2020,19/11/2019,1,1,2,1,0,2,3,0,0,2020,,2021.0,7.33,7.33,3,40,S,A,N
223,CB-015959-6,134,Pendiente,01/04/2020,10/12/2019,0,2,2,0,0,0,3,0,0,2020,15/12/2020,2021.0,7.0,7.0,5,40,S,A,S
224,CB-015818-2,134,Aceptado,01/04/2020,27/11/2019,2,0,2,2,1,0,3,0,0,2020,18/08/2021,2021.0,7.92,8.36,13,40,S,A,S
225,CB-016049-7,134,Pendiente,01/04/2020,16/12/2019,1,1,2,0,0,0,3,0,0,2020,,,0.0,0.0,0,40,N,P,N
226,CB-015909-0,134,Pendiente,01/04/2020,06/12/2019,1,1,2,0,0,0,3,0,0,2020,,2021.0,7.0,7.0,2,40,S,A,N
227,CB-015803-4,134,Aceptado,01/04/2020,22/11/2019,0,2,2,0,2,1,3,0,0,2020,23/08/2021,2021.0,7.75,8.09,11,40,S,A,S
228,CB-016396-8,134,Pendiente,01/04/2020,20/12/2019,1,1,2,0,0,0,3,0,0,2020,18/08/2021,2021.0,6.0,6.63,10,40,S,A,S
229,CB-016477-8,134,Pendiente,01/04/2020,04/02/2020,1,1,2,0,0,0,3,0,0,2020,,2021.0,6.67,6.67,3,40,S,A,N
230,CB-016102-7,134,Pendiente,01/04/2020,18/12/2019,1,1,2,0,0,0,3,0,0,2020,,2021.0,6.4,6.4,5,40,S,A,S
231,CB-015933-2,134,Aceptado,01/04/2020,09/12/2019,2,0,2,1,0,2,3,0,0,2020,,2021.0,8.0,8.0,2,40,S,A,N
232,CB-015867-1,134,Pendiente,01/04/2020,04/12/2019,2,0,2,0,0,0,3,0,0,2020,05/08/2021,2021.0,7.43,7.43,9,40,S,A,S
233,CB-016114-1,134,Aceptado,01/04/2020,18/12/2019,2,0,2,2,0,1,3,0,0,2020,,2021.0,7.5,7.5,2,40,S,A,N
234,CB-016028-4,134,Pendiente,01/04/2020,13/12/2019,2,0,2,0,0,0,3,0,0,2020,,2021.0,7.33,7.33,3,40,S,A,N
235,CB-015889-1,134,Pendiente,01/04/2020,05/12/2019,1,1,2,0,0,0,3,0,0,2020,,,6.0,6.0,1,40,N,P,N
236,CB-016082-9,134,Pendiente,01/04/2020,17/12/2019,1,1,2,0,0,0,3,0,0,2020,,2021.0,7.5,7.5,2,40,S,A,N
237,CB-016014-4,134,Pendiente,01/04/2020,12/12/2019,0,2,2,0,0,0,3,0,0,2020,,,8.0,8.0,1,40,N,P,N
238,CB-015780-1,134,Aceptado,01/04/2020,19/11/2019,1,1,2,0,0,3,3,0,0,2020,,,6.0,6.0,1,40,N,P,N
239,CB-015844-1,134,Pendiente,01/04/2020,03/12/2019,1,1,2,0,0,0,3,0,0,2020,,2021.0,7.67,7.67,3,40,S,A,N
240,CB-016025-0,134,Pendiente,01/04/2020,13/12/2019,2,0,2,0,0,0,3,0,0,2020,05/08/2021,2021.0,5.38,6.5,6,40,S,A,S
241,CB-016761-1,134,Pendiente,01/04/2020,02/03/2020,2,0,2,0,0,0,3,0,0,2020,18/03/2021,2021.0,6.75,8.33,3,40,S,A,N
242,CB-015977-4,134,Pendiente,01/04/2020,11/12/2019,1,1,2,0,0,0,3,0,0,2020,,,9.0,9.0,1,40,N,P,N
243,CB-016129-9,134,Pendiente,01/04/2020,18/12/2019,1,1,2,0,0,0,3,0,0,2020,,,9.0,9.0,1,40,N,P,N
244,CB-016489-1,134,Aceptado,01/04/2020,06/02/2020,1,1,2,1,1,1,3,0,0,2020,,,7.0,7.0,1,40,N,P,N
245,CB-015881-6,134,Pendiente,01/04/2020,04/12/2019,1,1,2,0,0,0,3,0,0,2020,,,0.0,0.0,0,40,N,P,N
246,CB-016428-0,134,Aceptado,01/04/2020,05/02/2020,1,1,2,0,1,2,3,0,0,2020,20/08/2021,2021.0,6.27,7.38,10,40,S,A,S
247,CB-016413-1,134,Aceptado,01/04/2020,04/02/2020,2,0,2,0,0,3,3,0,0,2020,,,0.0,0.0,0,40,N,P,N
248,CB-015865-4,134,Aceptado,01/04/2020,03/12/2019,1,1,2,1,0,2,3,0,0,2020,,,0.0,0.0,0,40,N,P,N
249,CB-015864-6,134,Pendiente,01/04/2020,03/12/2019,1,1,2,0,0,0,3,0,0,2020,,2021.0,7.57,7.57,7,40,S,A,S
250,CB-016463-8,134,Pendiente,01/04/2020,14/02/2020,1,1,2,0,0,0,3,0,0,2020,,,8.0,8.0,1,40,N,P,N
251,CB-015982-1,134,Pendiente,01/04/2020,11/12/2019,1,1,2,0,0,0,3,0,0,2020,,2021.0,7.0,7.0,2,40,S,A,N
252,CB-016432-8,134,Aceptado,01/04/2020,05/02/2020,1,1,2,1,1,1,3,0,0,2020,,2021.0,7.33,7.33,3,40,S,A,N
253,CB-016043-8,134,Aceptado,01/04/2020,13/12/2019,1,1,2,1,1,1,3,0,0,2020,,,7.0,7.0,1,40,N,P,N
254,CB-016753-0,134,Aceptado,01/04/2020,21/02/2020,1,1,2,1,0,2,3,0,0,2020,,,0.0,0.0,0,40,N,P,N
255,CB-015816-6,134,Aceptado,01/04/2020,27/11/2019,1,1,2,1,0,2,3,0,0,2020,,2021.0,7.67,7.67,3,40,S,A,N
256,CB-015805-1,134,Pendiente,01/04/2020,25/11/2019,2,0,2,0,0,0,3,0,0,2020,,2021.0,6.5,6.5,2,40,S,A,N
257,CB-015792-5,134,Aceptado,01/04/2020,20/11/2019,1,1,2,0,1,2,3,0,0,2020,,2021.0,7.0,7.0,4,40,S,A,N
258,CB-015878-6,134,Pendiente,01/04/2020,04/12/2019,1,1,2,0,0,0,3,0,0,2020,,,10.0,10.0,1,40,N,P,N
259,CB-015918-9,134,Pendiente,01/04/2020,09/12/2019,1,1,2,0,0,0,3,0,0,2020,18/08/2021,2021.0,7.55,7.55,12,40,S,A,S
260,CB-016442-5,134,Aceptado,01/04/2020,10/02/2020,2,0,2,1,1,1,3,0,0,2020,,,8.0,8.0,1,40,N,P,N
261,CB-015939-1,134,Pendiente,01/04/2020,09/12/2019,1,1,2,0,0,0,3,0,0,2020,,2021.0,7.0,7.0,2,40,S,A,N
262,CB-016509-0,134,Pendiente,01/04/2020,12/02/2020,2,0,2,0,0,0,3,0,0,2020,19/08/2021,2021.0,7.33,7.33,3,40,S,A,N
263,CB-016493-0,134,Pendiente,01/04/2020,10/02/2020,0,2,2,0,0,0,3,0,0,2020,18/03/2021,2021.0,5.0,7.0,3,40,S,A,N
264,CB-016762-9,134,Pendiente,01/04/2020,03/03/2020,0,2,2,0,0,0,3,0,0,2020,,2021.0,8.0,8.0,3,40,S,A,N
265,CB-016327-5,134,Aceptado,01/04/2020,10/02/2020,1,1,2,0,0,3,3,0,0,2020,,2021.0,6.75,6.75,4,40,S,A,N
266,CB-016123-0,134,Pendiente,01/04/2020,18/12/2019,1,1,2,0,0,0,3,0,0,2020,18/08/2021,2021.0,7.25,7.25,6,40,S,A,S
267,CB-016456-5,134,Aceptado,01/04/2020,14/02/2020,2,0,2,0,1,2,3,0,0,2020,,,0.0,0.0,0,40,N,P,N
268,CB-016103-5,134,Pendiente,01/04/2020,18/12/2019,1,1,2,0,0,0,3,0,0,2020,,2021.0,8.0,8.0,2,40,S,A,N
269,CB-016118-3,134,Pendiente,01/04/2020,18/12/2019,1,1,2,0,0,0,3,0,0,2020,,,7.0,7.0,1,40,N,P,N
270,CB-016439-5,134,Aceptado,01/04/2020,10/02/2020,2,0,2,0,0,3,3,0,0,2020,,2021.0,8.5,8.5,2,40,S,A,N
271,CB-015906-5,134,Pendiente,01/04/2020,06/12/2019,1,1,2,0,0,0,3,0,0,2020,23/08/2021,2021.0,6.67,7.6,7,40,S,A,S
272,CB-015777-1,134,Aceptado,01/04/2020,19/11/2019,0,2,2,1,1,1,3,0,0,2020,,,0.0,0.0,0,40,N,P,N
273,CB-015957-0,134,Pendiente,01/04/2020,10/12/2019,0,2,2,0,0,0,3,0,0,2020,,2021.0,7.5,7.5,4,40,S,A,N
274,CB-015775-5,134,Pendiente,01/04/2020,19/11/2019,1,1,2,0,0,0,3,0,0,2020,,,0.0,0.0,0,40,N,P,N
275,CB-016404-2,134,Aceptado,01/04/2020,04/02/2020,0,2,2,0,0,3,3,0,0,2020,18/08/2021,2021.0,8.0,8.0,5,40,S,A,S
276,CB-015942-1,134,Aceptado,01/04/2020,09/12/2019,2,0,2,1,0,2,3,0,0,2020,03/08/2021,2021.0,7.8,7.8,6,40,S,A,S
277,CB-015791-7,134,Aceptado,01/04/2020,20/11/2019,0,2,2,0,0,3,3,0,0,2020,,,6.0,6.0,1,40,N,P,N
278,CB-016044-6,134,Pendiente,01/04/2020,16/12/2019,0,2,2,0,0,0,3,0,0,2020,,2021.0,6.5,6.5,2,40,S,A,N
279,CB-016501-4,134,Aceptado,01/04/2020,11/02/2020,1,1,2,1,0,2,3,0,0,2020,,,0.0,0.0,0,40,N,P,N
280,CB-013240-0,134,Aceptado,01/04/2020,28/02/2020,0,2,2,0,1,2,3,0,0,2020,,,0.0,0.0,0,40,N,P,N
281,CB-015545-1,134,Aceptado,01/04/2020,22/11/2019,2,0,2,0,1,2,3,0,0,2020,,2021.0,9.0,9.0,2,40,S,A,N
282,CB-015830-1,134,Aceptado,01/04/2020,29/11/2019,2,0,2,0,1,2,3,0,0,2020,19/08/2021,2021.0,5.33,6.75,9,40,S,A,S
283,CB-016022-5,134,Pendiente,01/04/2020,13/12/2019,2,0,2,0,0,0,3,0,0,2020,20/03/2021,2021.0,5.25,6.33,3,40,S,A,N
284,CB-015833-6,134,Pendiente,01/04/2020,02/12/2019,1,1,2,0,0,0,3,0,0,2020,,2021.0,6.71,6.71,7,40,S,A,S
285,CB-016140-0,134,Aceptado,01/04/2020,18/12/2019,1,1,2,0,1,2,3,0,0,2020,20/08/2021,2021.0,6.6,8.67,3,40,S,A,N
286,CB-016007-1,134,Pendiente,01/04/2020,12/12/2019,0,2,2,0,0,0,3,0,0,2020,,,0.0,0.0,0,40,N,P,N
287,CB-016440-9,134,Aceptado,01/04/2020,10/02/2020,1,1,2,1,0,2,3,1,1,2020,16/03/2021,2021.0,5.5,6.67,3,40,S,A,N
288,CB-016051-9,134,Pendiente,01/04/2020,16/12/2019,2,0,2,0,0,0,3,0,0,2020,20/08/2021,2021.0,4.6,6.33,4,40,S,A,N
289,CB-016095-1,134,Pendiente,01/04/2020,17/12/2019,1,1,2,0,0,0,3,0,0,2020,,,0.0,0.0,0,40,N,P,N
290,CB-015863-8,134,Pendiente,01/04/2020,03/12/2019,1,1,2,0,0,0,3,0,0,2020,,,0.0,0.0,0,40,N,P,N
291,CB-012097-5,134,Aceptado,01/04/2020,02/03/2020,1,1,2,1,1,1,3,0,0,2020,,2021.0,6.4,6.4,5,40,S,A,S
292,CB-015794-1,134,Aceptado,01/04/2020,20/11/2019,1,1,2,0,1,2,3,0,0,2020,,,6.0,6.0,1,40,N,P,N
293,CB-015929-4,134,Pendiente,01/04/2020,09/12/2019,0,2,2,0,0,0,3,0,0,2020,18/08/2021,2021.0,7.44,7.44,11,40,S,A,S
294,CB-015983-9,134,Aceptado,01/04/2020,11/12/2019,2,0,2,0,0,3,3,0,0,2020,,,0.0,0.0,0,40,N,P,N
295,CB-016479-4,134,Pendiente,01/04/2020,04/02/2020,1,1,2,0,0,0,3,0,0,2020,,2021.0,7.0,7.0,3,40,S,A,N
296,CB-016452-2,134,Aceptado,01/04/2020,13/02/2020,2,0,2,0,0,3,3,0,0,2020,,2021.0,8.33,8.33,3,40,S,A,N
297,CB-016414-0,134,Pendiente,01/04/2020,04/02/2020,2,0,2,0,0,0,3,0,0,2020,05/08/2021,2021.0,5.71,8.25,4,40,S,A,N
298,CB-016113-2,134,Pendiente,01/04/2020,18/12/2019,1,1,2,0,0,0,3,0,0,2020,,2021.0,8.0,8.0,2,40,S,A,N
299,CB-016423-9,134,Pendiente,01/04/2020,05/02/2020,2,0,2,0,0,0,3,0,0,2020,,,0.0,0.0,0,40,N,P,N
300,CB-015882-4,134,Pendiente,01/04/2020,05/12/2019,1,1,2,0,0,0,3,0,0,2020,,,0.0,0.0,0,40,N,P,N
301,CB-016462-0,134,Aceptado,01/04/2020,14/02/2020,2,0,2,1,1,1,3,0,0,2020,,2021.0,7.67,7.67,3,40,S,A,N
302,CB-016086-1,134,Pendiente,01/04/2020,17/12/2019,2,0,2,0,0,0,3,0,0,2020,,2021.0,7.0,7.0,3,40,S,A,N
303,CB-016062-4,134,Pendiente,01/04/2020,16/12/2019,1,1,2,0,0,0,3,0,0,2020,,,0.0,0.0,0,40,N,P,N
304,CB-016002-1,134,Pendiente,01/04/2020,12/12/2019,2,0,2,0,0,0,3,0,0,2020,20/08/2021,2021.0,5.67,7.25,4,40,S,A,N
305,CB-015997-9,134,Aceptado,01/04/2020,12/12/2019,2,0,2,1,1,1,3,0,0,2020,,2021.0,8.0,8.0,5,40,S,A,S
306,CB-015861-1,134,Pendiente,01/04/2020,03/12/2019,2,0,2,0,0,0,3,0,0,2020,19/08/2021,2021.0,6.91,7.4,13,40,S,A,S
307,CB-016030-6,134,Pendiente,01/04/2020,13/12/2019,2,0,2,0,0,0,3,0,0,2020,19/08/2021,2021.0,6.69,7.7,12,40,S,A,S
308,CB-016076-4,134,Pendiente,01/04/2020,17/12/2019,2,0,2,0,0,0,3,0,0,2020,17/08/2021,2021.0,6.55,7.44,10,40,S,A,S
309,CB-014390-8,134,Pendiente,01/04/2020,26/02/2020,2,0,2,0,0,0,3,0,0,2020,,,0.0,0.0,0,40,N,P,N
310,CB-015955-3,134,Aceptado,01/04/2020,10/12/2019,2,0,2,0,0,3,3,0,0,2020,,,0.0,0.0,0,40,N,P,N
311,CB-015871-9,134,Pendiente,01/04/2020,04/12/2019,1,1,2,0,0,0,3,0,0,2020,,2021.0,7.0,7.0,3,40,S,A,N
312,CB-016068-3,134,Pendiente,01/04/2020,17/12/2019,2,0,2,0,0,0,3,0,0,2020,,,8.0,8.0,1,40,N,P,N
313,CB-016422-1,134,Aceptado,01/04/2020,04/02/2020,0,2,2,2,0,1,3,0,0,2020,,,0.0,0.0,0,40,N,P,N
314,CB-015980-4,134,Pendiente,01/04/2020,11/12/2019,2,0,2,0,0,0,3,0,0,2020,,2021.0,7.5,7.5,2,40,S,A,N
315,CB-016023-3,134,Aceptado,01/04/2020,13/12/2019,0,2,2,0,0,3,3,0,0,2020,,2021.0,7.75,7.75,4,40,S,A,N
316,CB-017734-9,134,Pendiente,01/04/2020,17/02/2020,2,0,2,0,0,0,3,0,0,2020,,2021.0,8.0,8.0,2,40,S,A,N
317,CB-016408-5,134,Aceptado,01/04/2020,04/02/2020,1,1,2,0,0,3,3,0,0,2020,,,9.0,9.0,1,40,N,P,N
318,CB-015868-9,134,Pendiente,01/04/2020,04/12/2019,2,0,2,0,0,0,3,0,0,2020,,2021.0,8.25,8.25,4,40,S,A,N
319,CB-015979-1,134,Pendiente,01/04/2020,11/12/2019,1,1,2,0,0,0,3,0,0,2020,,2021.0,7.5,7.5,2,40,S,A,N
320,CB-015926-0,134,Pendiente,01/04/2020,09/12/2019,0,2,2,0,0,0,3,0,0,2020,,2021.0,6.75,6.75,4,40,S,A,N
321,CB-015950-2,134,Pendiente,01/04/2020,10/12/2019,1,1,2,0,0,0,3,0,0,2020,,2021.0,7.33,7.33,3,40,S,A,N
322,CB-015850-6,134,Pendiente,01/04/2020,03/12/2019,0,2,2,0,0,0,3,0,0,2020,18/08/2021,2021.0,7.7,7.7,12,40,S,A,S
323,CB-016092-6,134,Aceptado,01/04/2020,17/12/2019,0,2,2,1,2,0,3,0,0,2020,,,7.0,7.0,1,40,N,P,N
324,CB-015984-7,134,Pendiente,01/04/2020,11/12/2019,1,1,2,0,0,0,3,0,0,2020,,,7.0,7.0,1,40,N,P,N
325,CB-015894-8,134,Pendiente,01/04/2020,05/12/2019,1,1,2,0,0,0,3,0,0,2020,03/08/2021,2021.0,8.67,8.67,7,40,S,A,S
326,CB-015971-5,134,Pendiente,01/04/2020,11/12/2019,2,0,2,0,0,0,3,0,0,2020,,2021.0,7.5,7.5,2,40,S,A,N
327,CB-013985-4,134,Aceptado,01/04/2020,21/11/2019,1,1,2,1,2,0,3,0,0,2020,20/08/2021,2021.0,6.94,7.13,17,40,S,A,S
328,CB-016094-2,134,Pendiente,01/04/2020,17/12/2019,2,0,2,0,0,0,3,0,0,2020,,2021.0,6.5,6.5,2,40,S,A,N
329,CB-016036-5,134,Pendiente,01/04/2020,13/12/2019,2,0,2,0,0,0,3,0,0,2020,,2021.0,7.0,7.0,2,40,S,A,N
330,CB-016421-2,134,Aceptado,01/04/2020,04/02/2020,2,0,2,0,2,1,3,0,0,2020,,,8.0,8.0,1,40,N,P,N
331,CB-016098-5,134,Pendiente,01/04/2020,18/12/2019,2,0,2,0,0,0,3,0,0,2020,,,0.0,0.0,0,40,N,P,N
332,CB-013150-1,134,Aceptado,01/04/2020,22/11/2019,1,1,2,0,2,1,3,0,0,2020,,2021.0,7.14,7.14,7,40,S,A,S
333,CB-015949-9,134,Pendiente,01/04/2020,10/12/2019,2,0,2,0,0,0,3,0,0,2020,19/12/2020,2021.0,5.14,6.4,5,40,S,A,S
334,CB-013914-5,134,Aceptado,01/04/2020,10/02/2020,2,0,2,1,0,2,3,0,0,2020,05/08/2021,2021.0,6.59,6.81,28,40,S,A,S
335,CB-016039-0,134,Aceptado,01/04/2020,13/12/2019,2,0,2,1,1,1,3,0,0,2020,,,7.0,7.0,1,40,N,P,N
336,CB-015946-4,134,Pendiente,01/04/2020,10/12/2019,2,0,2,0,0,0,3,0,0,2020,,2021.0,6.0,6.0,2,40,S,A,N
337,CB-016063-2,134,Pendiente,01/04/2020,17/12/2019,2,0,2,0,0,0,3,0,0,2020,,,7.0,7.0,1,40,N,P,N
338,CB-016126-4,134,Pendiente,01/04/2020,18/12/2019,2,0,2,0,0,0,3,0,0,2020,,,0.0,0.0,0,40,N,P,N
339,CB-016504-9,134,Pendiente,01/04/2020,12/02/2020,2,0,2,0,0,0,3,0,0,2020,,2021.0,8.5,8.5,2,40,S,A,N
340,CB-016464-6,134,Pendiente,01/04/2020,14/02/2020,2,0,2,0,0,0,3,0,0,2020,,2021.0,6.0,6.0,2,40,S,A,N
341,CB-016107-8,134,Pendiente,01/04/2020,18/12/2019,1,1,2,0,0,0,3,0,0,2020,,,8.0,8.0,1,40,N,P,N
342,CB-015821-2,134,Pendiente,01/04/2020,27/11/2019,1,1,2,0,0,0,3,0,0,2020,20/08/2021,2021.0,7.42,7.73,16,40,S,A,S
343,CB-016515-4,134,Aceptado,01/04/2020,13/02/2020,2,0,2,1,0,2,3,0,0,2020,18/08/2021,2021.0,7.55,7.9,10,40,S,A,S
344,CB-016046-2,134,Pendiente,01/04/2020,16/12/2019,2,0,2,0,0,0,3,0,0,2020,18/08/2021,2021.0,5.8,6.75,4,40,S,A,N
345,CB-016093-4,134,Aceptado,01/04/2020,17/12/2019,2,0,2,0,0,3,3,0,0,2020,16/03/2021,2021.0,7.09,7.6,14,40,S,A,S
346,CB-016482-4,134,Aceptado,01/04/2020,04/02/2020,1,1,2,1,1,1,3,1,0,2020,,,8.0,8.0,1,40,N,P,N
347,CB-016466-2,134,Aceptado,01/04/2020,14/02/2020,1,1,2,0,1,2,3,0,0,2020,,,7.0,7.0,1,40,N,P,N
348,CB-016486-7,134,Aceptado,01/04/2020,06/02/2020,1,1,2,1,0,2,3,0,0,2020,,,0.0,0.0,0,40,N,P,N
349,CB-015840-9,134,Pendiente,01/04/2020,03/12/2019,0,2,2,0,0,0,3,0,0,2020,19/08/2021,2021.0,6.33,7.4,12,40,S,A,S
350,CB-015845-0,134,Aceptado,01/04/2020,03/12/2019,2,0,2,0,1,2,3,0,0,2020,18/08/2021,2021.0,7.08,8.1,11,40,S,A,S
351,CB-015784-4,134,Aceptado,01/04/2020,19/11/2019,1,1,2,0,1,2,3,0,0,2020,18/08/2021,2021.0,8.17,8.17,8,40,S,A,S
352,CB-015849-2,134,Pendiente,01/04/2020,03/12/2019,2,0,2,0,0,0,3,0,0,2020,,2021.0,7.0,7.0,3,40,S,A,N
353,CB-016418-2,134,Aceptado,01/04/2020,04/02/2020,1,1,2,0,0,3,3,0,0,2020,,,6.0,6.0,1,40,N,P,N
354,CB-015967-7,134,Aceptado,01/04/2020,11/12/2019,1,1,2,1,1,1,3,0,0,2020,23/08/2021,2021.0,5.33,7.0,4,40,S,A,N
355,CB-015907-3,134,Pendiente,01/04/2020,06/12/2019,1,1,2,0,0,0,3,0,0,2020,18/08/2021,2021.0,7.27,7.7,12,40,S,A,S
356,CB-016749-1,134,Aceptado,01/04/2020,19/02/2020,1,1,2,0,0,3,3,0,0,2020,20/08/2021,2021.0,5.25,6.33,4,40,S,A,N
357,CB-015873-5,134,Aceptado,01/04/2020,04/12/2019,1,1,2,0,1,2,3,0,0,2020,,,8.0,8.0,1,40,N,P,N
358,CB-015817-4,134,Aceptado,01/04/2020,27/11/2019,2,0,2,1,1,1,3,0,0,2020,,2021.0,7.67,7.67,6,40,S,A,S
359,CB-016475-1,134,Aceptado,01/04/2020,04/02/2020,1,1,2,1,0,2,3,0,0,2020,18/08/2021,2021.0,8.0,8.0,5,40,S,A,S
360,CB-015814-0,134,Pendiente,01/04/2020,26/11/2019,1,1,2,0,0,0,3,0,0,2020,,2021.0,7.0,7.0,4,40,S,A,N
361,CB-015857-3,134,Pendiente,01/04/2020,03/12/2019,2,0,2,0,0,0,3,0,0,2020,20/08/2021,2021.0,6.64,6.9,12,40,S,A,S
362,CB-015810-7,134,Aceptado,01/04/2020,26/11/2019,1,1,2,1,0,2,3,0,0,2020,,,0.0,0.0,0,40,N,P,N
363,CB-012229-3,134,Aceptado,01/04/2020,20/11/2019,2,0,2,0,0,3,3,0,0,2020,,2021.0,6.0,6.0,2,40,S,A,N
364,CB-015999-5,134,Pendiente,01/04/2020,12/12/2019,2,0,2,0,0,0,3,0,0,2020,,,8.0,8.0,1,40,N,P,N
365,CB-015936-7,134,Pendiente,01/04/2020,09/12/2019,1,1,2,0,0,0,3,0,0,2020,20/08/2021,2021.0,6.0,6.67,3,40,S,A,N
366,CB-015782-8,134,Aceptado,01/04/2020,19/11/2019,1,1,2,0,1,2,3,0,0,2020,,2021.0,7.0,7.0,15,40,S,A,S
367,CB-016476-0,134,Pendiente,01/04/2020,04/02/2020,1,1,2,0,0,0,3,0,0,2020,17/12/2020,2021.0,5.75,7.0,3,40,S,A,N
368,CB-016135-3,134,Pendiente,01/04/2020,18/12/2019,2,0,2,0,0,0,3,0,0,2020,20/03/2021,2021.0,6.33,7.57,8,40,S,A,S
369,CB-015883-2,134,Pendiente,01/04/2020,05/12/2019,2,0,2,0,0,0,3,0,0,2020,23/08/2021,2021.0,5.77,7.0,12,40,S,A,S
370,CB-015284-2,134,Aceptado,01/04/2020,21/11/2019,1,1,2,0,2,1,3,0,0,2020,23/02/2021,2021.0,5.5,9.0,2,40,S,A,N
371,CB-016141-8,134,Pendiente,01/04/2020,18/12/2019,1,1,2,0,0,0,3,0,0,2020,,,0.0,0.0,0,40,N,P,N
372,CB-016110-8,134,Aceptado,01/04/2020,18/12/2019,1,1,2,0,1,2,3,0,0,2020,,,0.0,0.0,0,40,N,P,N
373,CB-016430-1,134,Pendiente,01/04/2020,05/02/2020,2,0,2,0,0,0,3,0,0,2020,18/08/2021,2021.0,7.0,7.0,3,40,S,A,N
374,CB-016115-9,134,Pendiente,01/04/2020,18/12/2019,1,1,2,0,0,0,3,0,0,2020,20/08/2021,2021.0,6.58,6.82,13,40,S,A,S
375,CB-016037-3,134,Pendiente,01/04/2020,13/12/2019,2,0,2,0,0,0,3,0,0,2020,18/08/2021,2021.0,6.8,7.22,10,40,S,A,S
376,CB-015877-8,134,Aceptado,01/04/2020,04/12/2019,1,1,2,2,0,1,3,0,0,2020,,2021.0,8.0,8.0,2,40,S,A,N
377,CB-016013-6,134,Pendiente,01/04/2020,12/12/2019,0,2,2,0,0,0,3,0,0,2020,,2021.0,8.0,8.0,2,40,S,A,N
378,CB-015917-1,134,Pendiente,01/04/2020,09/12/2019,0,2,2,0,0,0,3,0,0,2020,20/08/2021,2021.0,7.58,8.0,12,40,S,A,S
379,CB-015862-0,134,Pendiente,01/04/2020,03/12/2019,1,1,2,0,0,0,3,0,0,2020,,,0.0,0.0,0,40,N,P,N
380,CB-016001-2,134,Pendiente,01/04/2020,12/12/2019,2,0,2,0,0,0,3,0,0,2020,,2021.0,8.33,8.33,3,40,S,A,N
381,CB-012329-0,134,Aceptado,01/04/2020,26/02/2020,1,1,2,0,0,3,3,0,0,2020,18/08/2021,2021.0,6.65,6.65,22,40,S,A,S
382,CB-015802-6,134,Pendiente,01/04/2020,22/11/2019,0,2,2,0,0,0,3,0,0,2020,,2021.0,8.33,8.33,3,40,S,A,N
383,CB-015996-1,134,Pendiente,01/04/2020,12/12/2019,1,1,2,0,0,0,3,0,0,2020,,,9.0,9.0,1,40,N,P,N
384,CB-015820-4,134,Pendiente,01/04/2020,27/11/2019,0,2,2,0,0,0,3,0,0,2020,23/08/2021,2021.0,5.63,7.8,7,40,S,A,S
385,CB-015839-5,134,Aceptado,01/04/2020,02/12/2019,2,0,2,0,1,2,3,0,0,2020,,,0.0,0.0,0,40,N,P,N
386,CB-016100-1,134,Pendiente,01/04/2020,18/12/2019,1,1,2,0,0,0,3,0,0,2020,,2021.0,6.0,6.0,2,40,S,A,N
387,CB-016434-4,134,Pendiente,01/04/2020,05/02/2020,1,1,2,0,0,0,3,0,0,2020,,,0.0,0.0,0,40,N,P,N
388,CB-014100-0,134,Aceptado,01/04/2020,04/11/2019,0,2,2,1,0,2,3,0,0,2020,,2021.0,6.0,6.0,2,40,S,A,N
389,CB-011899-7,134,Aceptado,01/04/2020,22/11/2019,2,0,2,1,0,2,3,0,0,2020,,2021.0,8.0,8.0,3,40,S,A,N
390,CB-016006-3,134,Pendiente,01/04/2020,12/12/2019,2,0,2,0,0,0,3,0,0,2020,20/08/2021,2021.0,5.14,8.67,3,40,S,A,N
391,CB-016416-6,134,Aceptado,01/04/2020,04/02/2020,2,0,2,0,0,3,3,0,0,2020,19/08/2021,2021.0,6.4,6.89,13,40,S,A,S
392,CB-015809-3,134,Pendiente,01/04/2020,26/11/2019,1,1,2,0,0,0,3,0,0,2020,16/03/2021,2021.0,6.6,6.6,5,40,S,A,S
393,CB-016089-6,134,Pendiente,01/04/2020,17/12/2019,2,0,2,0,0,0,3,0,0,2020,,2021.0,9.0,9.0,2,40,S,A,N
394,CB-015811-5,134,Pendiente,01/04/2020,26/11/2019,2,0,2,0,0,0,3,0,0,2020,,2021.0,7.5,7.5,2,40,S,A,N
395,CB-015793-3,134,Aceptado,01/04/2020,20/11/2019,1,1,2,1,0,2,3,0,0,2020,,,0.0,0.0,0,40,N,P,N
396,CB-016142-6,134,Pendiente,01/04/2020,18/12/2019,2,0,2,0,0,0,3,0,0,2020,,,0.0,0.0,0,40,N,P,N
397,CB-016059-4,134,Pendiente,01/04/2020,16/12/2019,2,0,2,0,0,0,3,0,0,2020,,2021.0,7.67,7.67,3,40,S,A,N
398,CB-015831-0,134,Pendiente,01/04/2020,02/12/2019,2,0,2,0,0,0,3,0,0,2020,23/08/2021,2021.0,5.18,7.0,7,40,S,A,S
399,CB-016136-1,134,Aceptado,01/04/2020,18/12/2019,1,1,2,0,1,2,3,0,0,2020,,,0.0,0.0,0,40,N,P,N
400,CB-017659-8,134,Aceptado,01/04/2020,28/02/2020,2,0,2,1,1,1,3,0,0,2020,18/08/2021,2021.0,7.67,7.67,7,40,S,A,S
401,CB-015860-3,134,Pendiente,01/04/2020,03/12/2019,0,2,2,0,0,0,3,0,0,2020,18/08/2021,2021.0,7.63,7.63,10,40,S,A,S
402,CB-015990-1,134,Pendiente,01/04/2020,11/12/2019,0,2,2,0,0,0,3,0,0,2020,,,9.0,9.0,1,40,N,P,N
403,CB-016490-5,134,Pendiente,01/04/2020,06/02/2020,1,1,2,0,0,0,3,0,0,2020,,,6.0,6.0,1,40,N,P,N
404,CB-015992-8,134,Aceptado,01/04/2020,11/12/2019,1,1,2,1,0,2,3,0,0,2020,,,0.0,0.0,0,40,N,P,N
405,CB-016101-9,134,Pendiente,01/04/2020,18/12/2019,2,0,2,0,0,0,3,0,0,2020,,,0.0,0.0,0,40,N,P,N
406,CB-015779-8,134,Aceptado,01/04/2020,19/11/2019,2,0,2,0,1,2,3,0,0,2020,,,0.0,0.0,0,40,N,P,N
407,CB-015812-3,134,Pendiente,01/04/2020,26/11/2019,1,1,2,0,0,0,3,0,0,2020,,2021.0,7.0,7.0,5,40,S,A,S
408,CB-015807-7,134,Aceptado,01/04/2020,25/11/2019,1,1,2,0,1,2,3,0,0,2020,16/03/2021,2021.0,5.75,7.0,3,40,S,A,N
409,CB-015778-0,134,Aceptado,01/04/2020,19/11/2019,1,1,2,0,1,2,3,0,0,2020,,,0.0,0.0,0,40,N,P,N
410,CB-015998-7,134,Pendiente,01/04/2020,12/12/2019,1,1,2,0,0,0,3,0,0,2020,,2021.0,6.5,6.5,2,40,S,A,N
411,CB-015790-9,134,Pendiente,01/04/2020,20/11/2019,1,1,2,0,0,0,3,0,0,2020,,,6.0,6.0,1,40,N,P,N
412,CB-015880-8,134,Pendiente,01/04/2020,04/12/2019,2,0,2,0,0,0,3,0,0,2020,07/08/2021,2021.0,5.31,7.5,8,40,S,A,S
413,CB-016117-5,134,Aceptado,01/04/2020,18/12/2019,2,0,2,0,1,2,3,0,0,2020,,,9.0,9.0,1,40,N,P,N
414,CB-016760-2,134,Pendiente,01/04/2020,02/03/2020,1,1,2,0,0,0,3,0,0,2020,,2021.0,8.5,8.5,2,40,S,A,N
415,CB-016488-3,134,Aceptado,01/04/2020,06/02/2020,1,1,2,0,2,1,3,0,0,2020,,,0.0,0.0,0,40,N,P,N
416,CB-015858-1,134,Pendiente,01/04/2020,03/12/2019,1,1,2,0,0,0,3,0,0,2020,19/08/2021,2021.0,7.2,7.78,11,40,S,A,S
417,CB-015945-6,134,Pendiente,01/04/2020,10/12/2019,0,2,2,0,0,0,3,0,0,2020,20/08/2021,2021.0,7.23,7.82,12,40,S,A,S
418,CB-016441-7,134,Pendiente,01/04/2020,10/02/2020,1,1,2,0,0,0,3,0,0,2020,,2021.0,7.33,7.33,6,40,S,A,S
419,CB-015888-3,134,Pendiente,01/04/2020,05/12/2019,2,0,2,0,0,0,3,0,0,2020,18/08/2021,2021.0,7.0,7.5,12,40,S,A,S
420,CB-013923-4,134,Aceptado,01/04/2020,05/11/2019,1,1,2,1,1,1,3,0,0,2020,04/08/2021,2021.0,7.4,7.54,35,40,S,A,S
421,CB-015904-9,134,Pendiente,01/04/2020,06/12/2019,2,0,2,0,0,0,3,0,0,2020,,,6.0,6.0,1,40,N,P,N
422,CB-014217-1,134,Aceptado,01/04/2020,22/11/2019,2,0,2,0,0,3,3,0,0,2020,20/08/2021,2021.0,6.67,6.95,30,40,S,A,S
423,CB-016130-2,134,Pendiente,01/04/2020,18/12/2019,1,1,2,0,0,0,3,0,0,2020,17/08/2021,2021.0,5.0,6.5,2,40,S,A,N
424,CB-015826-3,134,Aceptado,01/04/2020,28/11/2019,2,0,2,1,0,2,3,0,0,2020,,2021.0,6.5,6.5,2,40,S,A,N
425,CB-016508-1,134,Pendiente,01/04/2020,12/02/2020,1,1,2,0,0,0,3,0,0,2020,,,6.0,6.0,1,40,N,P,N
426,CB-012420-2,134,Aceptado,01/04/2020,22/11/2019,1,1,2,0,1,2,3,0,0,2020,,2021.0,6.7,6.7,10,40,S,A,S
427,CB-015900-6,134,Aceptado,01/04/2020,05/12/2019,2,0,2,0,2,1,3,0,0,2020,,,7.0,7.0,1,40,N,P,N
428,CB-015991-0,134,Pendiente,01/04/2020,11/12/2019,0,2,2,0,0,0,3,0,0,2020,18/08/2021,2021.0,8.2,8.2,6,40,S,A,S
429,CB-015799-2,134,Aceptado,01/04/2020,21/11/2019,2,0,2,0,1,2,3,0,0,2020,,2021.0,8.0,8.0,4,40,S,A,N
430,CB-015843-3,134,Pendiente,01/04/2020,03/12/2019,0,2,2,0,0,0,3,0,0,2020,18/08/2021,2021.0,5.89,7.0,9,40,S,A,S
431,CB-015975-8,134,Pendiente,01/04/2020,11/12/2019,2,0,2,0,0,0,3,0,0,2020,18/08/2021,2021.0,5.25,6.33,3,40,S,A,N
432,CB-015066-1,134,Aceptado,01/04/2020,22/11/2019,1,1,2,1,1,1,3,0,0,2020,,2021.0,7.0,7.0,3,40,S,A,N
433,CB-016433-6,134,Aceptado,01/04/2020,05/02/2020,1,1,2,1,0,2,3,0,0,2020,20/08/2021,2021.0,5.8,7.33,4,40,S,A,N
434,CB-015995-2,134,Pendiente,01/04/2020,12/12/2019,0,2,2,0,0,0,3,0,0,2020,20/03/2021,2021.0,6.71,6.71,7,40,S,A,S
435,CB-016469-7,134,Pendiente,01/04/2020,14/02/2020,1,1,2,0,0,0,3,0,0,2020,,,9.0,9.0,1,40,N,P,N
436,CB-016012-8,134,Pendiente,01/04/2020,12/12/2019,1,1,2,0,0,0,3,0,0,2020,,2021.0,6.0,6.0,2,40,S,A,N
437,CB-016415-8,134,Aceptado,01/04/2020,04/02/2020,1,1,2,0,2,1,3,0,0,2020,,,0.0,0.0,0,40,N,P,N
438,CB-015804-2,134,Aceptado,01/04/2020,25/11/2019,2,0,2,0,0,3,3,0,0,2020,23/08/2021,2021.0,6.0,7.0,4,40,S,A,N
439,CB-016487-5,134,Pendiente,01/04/2020,06/02/2020,2,0,2,0,0,0,3,0,0,2020,16/03/2021,2021.0,7.25,7.25,4,40,S,A,N
440,CB-016449-2,134,Pendiente,01/04/2020,11/02/2020,1,1,2,0,0,0,3,0,0,2020,,2021.0,7.0,7.0,2,40,S,A,N
441,CB-015965-1,134,Pendiente,01/04/2020,11/12/2019,1,1,2,0,0,0,3,0,0,2020,17/03/2021,2021.0,5.5,6.67,3,40,S,A,N
442,CB-014919-1,134,Aceptado,01/04/2020,13/02/2020,2,0,2,0,1,2,3,0,0,2020,21/08/2021,2021.0,7.47,7.79,22,40,S,A,S
443,CB-016498-1,134,Aceptado,01/04/2020,11/02/2020,0,2,2,0,0,3,3,0,0,2020,,,0.0,0.0,0,40,N,P,N
444,CB-015960-0,134,Pendiente,01/04/2020,10/12/2019,0,2,2,0,0,0,3,0,0,2020,,2021.0,7.5,7.5,2,40,S,A,N
445,CB-016764-5,134,Pendiente,01/04/2020,06/03/2020,1,1,2,0,0,0,3,0,0,2020,,,10.0,10.0,1,40,N,P,N
446,CB-015976-6,134,Pendiente,01/04/2020,11/12/2019,0,2,2,0,0,0,3,0,0,2020,,,0.0,0.0,0,40,N,P,N
447,CB-013204-3,134,Aceptado,01/04/2020,14/02/2020,1,1,2,1,0,2,3,0,0,2020,,2021.0,7.0,7.0,4,40,S,A,N
448,CB-016064-1,134,Pendiente,01/04/2020,17/12/2019,1,1,2,0,0,0,3,0,0,2020,20/08/2021,2021.0,4.0,6.0,2,40,S,A,N
449,CB-016112-4,134,Pendiente,01/04/2020,18/12/2019,1,1,2,0,0,0,3,0,0,2020,,,6.0,6.0,1,40,N,P,N
450,CB-016474-3,134,Pendiente,01/04/2020,04/02/2020,2,0,2,0,0,0,3,0,0,2020,,,6.0,6.0,1,40,N,P,N
451,CB-016027-6,134,Pendiente,01/04/2020,13/12/2019,2,0,2,0,0,0,3,0,0,2020,,,0.0,0.0,0,40,N,P,N
452,CB-016104-3,134,Aceptado,01/04/2020,18/12/2019,1,1,2,0,1,2,3,0,0,2020,,,0.0,0.0,0,40,N,P,N
453,CB-016778-5,134,Aceptado,01/04/2020,10/03/2020,0,2,2,0,0,3,3,0,0,2020,,2021.0,7.33,7.33,3,40,S,A,N
454,CB-016050-1,134,Pendiente,01/04/2020,16/12/2019,1,1,2,0,0,0,3,0,0,2020,,,6.0,6.0,1,40,N,P,N
455,CB-016458-1,134,Aceptado,01/04/2020,14/02/2020,1,1,2,1,0,2,3,0,0,2020,,,0.0,0.0,0,40,N,P,N
456,CB-016081-1,134,Pendiente,01/04/2020,17/12/2019,2,0,2,0,0,0,3,0,0,2020,,2021.0,6.5,6.5,2,40,S,A,N
457,CB-016088-8,134,Aceptado,01/04/2020,17/12/2019,2,0,2,1,0,2,3,0,0,2020,,,0.0,0.0,0,40,N,P,N
458,CB-012958-1,134,Aceptado,01/04/2020,19/11/2019,2,0,2,0,0,3,3,1,0,2020,18/03/2021,2021.0,7.06,7.19,18,40,S,A,S
459,CB-016090-0,134,Aceptado,01/04/2020,17/12/2019,2,0,2,1,0,2,3,0,0,2020,18/08/2021,2021.0,7.75,7.75,5,40,S,A,S
460,CB-016003-9,134,Pendiente,01/04/2020,12/12/2019,1,1,2,0,0,0,3,0,0,2020,16/03/2021,2021.0,7.0,7.0,8,40,S,A,S
461,CB-015787-9,134,Pendiente,01/04/2020,19/11/2019,0,2,2,0,0,0,3,0,0,2020,,2021.0,7.5,7.5,2,40,S,A,N
462,CB-016437-9,134,Pendiente,01/04/2020,10/02/2020,2,0,2,0,0,0,3,0,0,2020,,,0.0,0.0,0,40,N,P,N
463,CB-015956-1,134,Pendiente,01/04/2020,10/12/2019,2,0,2,0,0,0,3,0,0,2020,,,0.0,0.0,0,40,N,P,N
464,CB-016120-5,134,Pendiente,01/04/2020,18/12/2019,1,1,2,0,0,0,3,0,0,2020,,,6.0,6.0,1,40,N,P,N
465,CB-016087-0,134,Pendiente,01/04/2020,17/12/2019,1,1,2,0,0,0,3,0,0,2020,,2021.0,7.33,7.33,3,40,S,A,N
466,CB-016400-0,134,Aceptado,01/04/2020,04/02/2020,1,1,2,1,0,2,3,0,0,2020,18/08/2021,2021.0,7.33,7.33,3,40,S,A,N
467,CB-016099-3,134,Aceptado,01/04/2020,18/12/2019,2,0,2,1,0,2,3,0,0,2020,,2021.0,7.5,7.5,2,40,S,A,N
468,CB-016512-0,134,Aceptado,01/04/2020,12/02/2020,1,1,2,0,1,2,3,0,0,2020,,,0.0,0.0,0,40,N,P,N
469,CB-015919-7,134,Pendiente,01/04/2020,09/12/2019,1,1,2,0,0,0,3,0,0,2020,18/03/2021,2021.0,6.33,7.2,5,40,S,A,S
470,CB-016401-8,134,Aceptado,01/04/2020,04/02/2020,0,2,2,0,0,3,3,0,0,2020,,,6.0,6.0,1,40,N,P,N
471,CB-016405-1,134,Aceptado,01/04/2020,04/02/2020,2,0,2,0,2,1,3,0,0,2020,,,0.0,0.0,0,40,N,P,N
472,CB-016128-1,134,Pendiente,01/04/2020,18/12/2019,0,2,2,0,0,0,3,0,0,2020,,2021.0,7.67,7.67,3,40,S,A,N
473,CB-016020-9,134,Pendiente,01/04/2020,13/12/2019,2,0,2,0,0,0,3,0,0,2020,,2021.0,7.0,7.0,2,40,S,A,N
474,CB-016500-6,134,Aceptado,01/04/2020,11/02/2020,1,1,2,0,2,1,3,0,0,2020,,,7.0,7.0,1,40,N,P,N
475,CB-016054-3,134,Pendiente,01/04/2020,16/12/2019,1,1,2,0,0,0,3,0,0,2020,,,0.0,0.0,0,40,N,P,N
476,CB-015851-4,134,Aceptado,01/04/2020,03/12/2019,2,0,2,0,2,1,3,0,0,2020,,2021.0,8.0,8.0,3,40,S,A,N
477,CB-016483-2,134,Pendiente,01/04/2020,05/02/2020,2,0,2,0,0,0,3,0,0,2020,,,0.0,0.0,0,40,N,P,N
478,CB-015696-1,134,Pendiente,01/04/2020,10/02/2020,2,0,2,0,0,0,3,0,0,2020,,2021.0,6.25,6.25,4,40,S,A,N
479,CB-016029-2,134,Pendiente,01/04/2020,13/12/2019,0,2,2,0,0,0,3,0,0,2020,,,0.0,0.0,0,40,N,P,N
480,CB-016084-5,134,Aceptado,01/04/2020,17/12/2019,1,1,2,0,1,2,3,0,0,2020,,2021.0,7.0,7.0,2,40,S,A,N
481,CB-015824-7,134,Aceptado,01/04/2020,28/11/2019,1,1,2,0,1,2,3,0,0,2020,,,7.0,7.0,1,40,N,P,N
482,CB-015916-2,134,Pendiente,01/04/2020,09/12/2019,1,1,2,0,0,0,3,0,0,2020,20/08/2021,2021.0,5.13,7.5,5,40,S,A,S
483,CB-015890-5,134,Aceptado,01/04/2020,05/12/2019,0,2,2,1,1,1,3,0,0,2020,18/08/2021,2021.0,6.0,7.0,6,40,S,A,S
484,CB-015953-7,134,Pendiente,01/04/2020,10/12/2019,1,1,2,0,0,0,3,0,0,2020,16/03/2021,2021.0,6.88,7.57,7,40,S,A,S
485,CB-016502-2,134,Pendiente,01/04/2020,11/02/2020,2,0,2,0,0,0,3,0,0,2020,,2021.0,7.0,7.0,2,40,S,A,N
486,CB-015879-4,134,Pendiente,01/04/2020,04/12/2019,0,2,2,0,0,0,3,0,0,2020,03/08/2021,2021.0,7.83,7.83,7,40,S,A,S
487,CB-015795-0,134,Aceptado,01/04/2020,20/11/2019,2,0,2,0,0,3,3,0,0,2020,,,0.0,0.0,0,40,N,P,N
488,CB-016436-1,134,Aceptado,01/04/2020,05/02/2020,1,1,2,0,1,2,3,0,0,2020,23/08/2021,2021.0,6.67,7.6,5,40,S,A,S
489,CB-015925-1,134,Pendiente,01/04/2020,09/12/2019,2,0,2,0,0,0,3,0,0,2020,,2021.0,7.0,7.0,3,40,S,A,N
490,CB-015885-9,134,Pendiente,01/04/2020,05/12/2019,1,1,2,0,0,0,3,0,0,2020,,2021.0,8.0,8.0,2,40,S,A,N
491,CB-016096-9,134,Pendiente,01/04/2020,17/12/2019,2,0,2,0,0,0,3,0,0,2020,18/08/2021,2021.0,7.0,7.0,5,40,S,A,S
492,CB-015986-3,134,Pendiente,01/04/2020,11/12/2019,2,0,2,0,0,0,3,0,0,2020,20/08/2021,2021.0,5.5,7.86,9,40,S,A,S
493,CB-015964-2,134,Pendiente,01/04/2020,11/12/2019,2,0,2,0,0,0,3,0,0,2020,,,8.0,8.0,1,40,N,P,N
494,CB-016109-4,134,Pendiente,01/04/2020,18/12/2019,2,0,2,0,0,0,3,0,0,2020,,,8.0,8.0,1,40,N,P,N
495,CB-016061-6,134,Pendiente,01/04/2020,16/12/2019,1,1,2,0,0,0,3,0,0,2020,,2021.0,8.0,8.0,5,40,S,A,S
496,CB-016048-9,134,Pendiente,01/04/2020,16/12/2019,1,1,2,0,0,0,3,0,0,2020,15/03/2021,2021.0,7.33,7.33,3,40,S,A,N
497,CB-015886-7,134,Pendiente,01/04/2020,05/12/2019,1,1,2,0,0,0,3,0,0,2020,20/03/2021,2021.0,5.4,7.67,3,40,S,A,N
498,CB-016472-7,134,Aceptado,01/04/2020,04/02/2020,2,0,2,1,1,1,3,0,0,2020,,,8.0,8.0,1,40,N,P,N
499,CB-016399-2,134,Pendiente,01/04/2020,04/02/2020,2,0,2,0,0,0,3,0,0,2020,,,0.0,0.0,0,40,N,P,N
500,CB-016412-3,134,Aceptado,01/04/2020,04/02/2020,1,1,2,1,2,0,3,0,0,2020,,2021.0,9.5,9.5,2,40,S,A,N
501,CB-015940-5,134,Pendiente,01/04/2020,09/12/2019,1,1,2,0,0,0,3,0,0,2020,18/08/2021,2021.0,6.56,7.71,8,40,S,A,S
502,CB-016485-9,134,Aceptado,01/04/2020,06/02/2020,2,0,2,1,1,1,3,0,0,2020,,,0.0,0.0,0,40,N,P,N
503,CB-016097-7,134,Pendiente,01/04/2020,17/12/2019,1,1,2,0,0,0,3,0,0,2020,23/08/2021,2021.0,6.15,7.4,12,40,S,A,S
504,CB-016461-1,134,Aceptado,01/04/2020,14/02/2020,1,1,2,0,2,1,3,0,0,2020,,,0.0,0.0,0,40,N,P,N
505,CB-016419-1,134,Pendiente,01/04/2020,04/02/2020,2,0,2,0,0,0,3,0,0,2020,,,9.0,9.0,1,40,N,P,N
506,CB-015304-1,134,Aceptado,01/04/2020,22/11/2019,1,1,2,0,1,2,3,0,0,2020,,,0.0,0.0,0,40,N,P,N
507,CB-015901-4,134,Aceptado,01/04/2020,05/12/2019,2,0,2,1,1,1,3,0,0,2020,,2021.0,8.5,8.5,2,40,S,A,N
508,CB-015276-1,134,Pendiente,01/04/2020,22/11/2019,0,2,2,0,0,0,3,0,0,2020,,,0.0,0.0,0,40,N,P,N
509,CB-016005-5,134,Aceptado,01/04/2020,12/12/2019,1,1,2,0,1,2,3,0,0,2020,18/08/2021,2021.0,7.4,7.4,10,40,S,A,S
510,CB-016397-6,134,Aceptado,01/04/2020,04/02/2020,1,1,2,0,1,2,3,0,0,2020,18/08/2021,2021.0,6.83,6.83,8,40,S,A,S
511,CB-015837-9,134,Pendiente,01/04/2020,02/12/2019,1,1,2,0,0,0,3,0,0,2020,20/08/2021,2021.0,6.0,6.6,5,40,S,A,S
512,CB-016409-3,134,Pendiente,01/04/2020,04/02/2020,1,1,2,0,0,0,3,0,0,2020,,2021.0,7.33,7.33,6,40,S,A,S
513,CB-015931-6,134,Pendiente,01/04/2020,09/12/2019,1,1,2,0,0,0,3,0,0,2020,18/08/2021,2021.0,8.4,8.4,7,40,S,A,S
514,CB-016398-4,134,Aceptado,01/04/2020,04/02/2020,1,1,2,1,1,1,3,0,0,2020,18/08/2021,2021.0,7.5,7.5,14,40,S,A,S
515,CB-012922-1,134,Aceptado,01/04/2020,19/11/2019,2,0,2,2,0,1,3,0,0,2020,21/08/2021,2021.0,6.27,6.57,20,40,S,A,S
516,CB-015968-5,134,Pendiente,01/04/2020,11/12/2019,1,1,2,0,0,0,3,0,0,2020,,2021.0,6.0,6.0,2,40,S,A,N
517,CB-015895-6,134,Pendiente,01/04/2020,05/12/2019,1,1,2,0,0,0,3,0,0,2020,19/08/2021,2021.0,6.25,7.67,7,40,S,A,S
518,CB-016420-4,134,Aceptado,01/04/2020,04/02/2020,1,1,2,1,0,2,3,0,0,2020,03/08/2021,2021.0,7.33,7.33,3,40,S,A,N
519,CB-016431-0,134,Pendiente,01/04/2020,05/02/2020,1,1,2,0,0,0,3,0,0,2020,,,0.0,0.0,0,40,N,P,N
520,CB-014209-0,134,Aceptado,01/04/2020,21/11/2019,2,0,2,0,0,3,3,0,0,2020,17/03/2021,2021.0,6.7,7.22,26,40,S,A,S
521,CB-016752-1,134,Pendiente,01/04/2020,21/02/2020,2,0,2,0,0,0,3,0,0,2020,,2021.0,9.33,9.33,3,40,S,A,N
522,CB-016124-8,134,Pendiente,01/04/2020,18/12/2019,1,1,2,0,0,0,3,0,0,2020,,2021.0,7.33,7.33,3,40,S,A,N
523,CB-015800-0,134,Aceptado,01/04/2020,21/11/2019,1,1,2,0,1,2,3,0,0,2020,,,0.0,0.0,0,40,N,P,N
524,CB-012365-6,134,Aceptado,01/04/2020,10/02/2020,2,0,2,0,1,2,3,0,0,2020,18/08/2021,2021.0,7.0,7.0,8,40,S,A,S
525,CB-016763-7,134,Pendiente,01/04/2020,05/03/2020,0,2,2,0,0,0,3,0,0,2020,,,7.0,7.0,1,40,N,P,N
526,CB-016015-2,134,Pendiente,01/04/2020,12/12/2019,1,1,2,0,0,0,3,0,0,2020,,2021.0,9.33,9.33,3,40,S,A,N
527,CB-015937-5,134,Pendiente,01/04/2020,09/12/2019,2,0,2,0,0,0,3,0,0,2020,,,10.0,10.0,1,40,N,P,N
528,CB-015785-2,134,Aceptado,01/04/2020,19/11/2019,1,1,2,0,1,2,3,0,0,2020,,2021.0,8.5,8.5,2,40,S,A,N
529,CB-015822-1,134,Pendiente,01/04/2020,27/11/2019,1,1,2,0,0,0,3,0,0,2020,03/08/2021,2021.0,7.5,7.5,5,40,S,A,S
530,CB-016053-5,134,Pendiente,01/04/2020,16/12/2019,1,1,2,0,0,0,3,0,0,2020,23/08/2021,2021.0,5.67,7.5,4,40,S,A,N
531,CB-016024-1,134,Aceptado,01/04/2020,13/12/2019,0,2,2,0,3,0,3,0,0,2020,,,6.0,6.0,1,40,N,P,N
532,CB-015928-6,134,Pendiente,01/04/2020,09/12/2019,2,0,2,0,0,0,3,0,0,2020,,,0.0,0.0,0,40,N,P,N
533,CB-015963-4,134,Pendiente,01/04/2020,11/12/2019,1,1,2,0,0,0,3,0,0,2020,,2021.0,7.5,7.5,4,40,S,A,N
534,CB-016057-8,134,Aceptado,01/04/2020,16/12/2019,1,1,2,0,1,2,3,0,0,2020,19/08/2021,2021.0,7.64,7.64,15,40,S,A,S
535,CB-015924-3,134,Pendiente,01/04/2020,09/12/2019,1,1,2,0,0,0,3,0,0,2020,23/08/2021,2021.0,6.15,7.1,11,40,S,A,S
536,CB-016035-7,134,Pendiente,01/04/2020,13/12/2019,1,1,2,0,0,0,3,0,0,2020,,2021.0,7.0,7.0,2,40,S,A,N
537,CB-016000-4,134,Pendiente,01/04/2020,12/12/2019,2,0,2,0,0,0,3,0,0,2020,23/08/2021,2021.0,7.25,7.25,6,40,S,A,S
538,CB-015859-0,134,Aceptado,01/04/2020,03/12/2019,1,1,2,0,1,2,3,0,0,2020,,2021.0,6.5,6.5,4,40,S,A,N
539,CB-016506-5,134,Pendiente,01/04/2020,12/02/2020,1,1,2,0,0,0,3,0,0,2020,,,9.0,9.0,1,40,N,P,N
540,CB-016056-0,134,Aceptado,01/04/2020,16/12/2019,0,2,2,0,2,1,3,0,0,2020,,2021.0,7.0,7.0,2,40,S,A,N
541,CB-016427-1,134,Pendiente,01/04/2020,05/02/2020,2,0,2,0,0,0,3,0,0,2020,,2021.0,6.75,6.75,12,40,S,A,S
542,CB-016410-7,134,Pendiente,01/04/2020,04/02/2020,1,1,2,0,0,0,3,0,0,2020,,2021.0,6.5,6.5,2,40,S,A,N
543,CB-009718-3,134,Aceptado,01/04/2020,20/11/2019,1,1,2,0,1,2,3,0,0,2020,18/08/2021,2021.0,7.14,7.14,8,40,S,A,S
544,CB-015848-4,134,Pendiente,01/04/2020,03/12/2019,2,0,2,0,0,0,3,0,0,2020,17/08/2021,2021.0,7.71,7.71,9,40,S,A,S
545,CB-016450-6,134,Aceptado,01/04/2020,13/02/2020,0,2,2,0,0,3,3,0,0,2020,,,0.0,0.0,0,40,N,P,N
546,CB-016465-4,134,Pendiente,01/04/2020,14/02/2020,1,1,2,0,0,0,3,0,0,2020,,2021.0,6.0,6.0,4,40,S,A,N
547,CB-015944-8,134,Pendiente,01/04/2020,10/12/2019,2,0,2,0,0,0,3,0,0,2020,23/08/2021,2021.0,6.85,6.85,20,40,S,A,S
548,CB-015892-1,134,Pendiente,01/04/2020,05/12/2019,2,0,2,0,0,0,3,0,0,2020,20/08/2021,2021.0,7.75,7.75,4,40,S,A,N
549,CB-015974-0,134,Pendiente,01/04/2020,11/12/2019,1,1,2,0,0,0,3,0,0,2020,20/08/2021,2021.0,5.29,7.5,4,40,S,A,N
550,CB-016514-6,134,Aceptado,01/04/2020,13/02/2020,1,1,2,0,0,3,3,0,0,2020,04/08/2021,2021.0,3.71,6.0,3,40,S,A,N
551,CB-016133-7,134,Pendiente,01/04/2020,18/12/2019,1,1,2,0,0,0,3,0,0,2020,,2021.0,6.33,6.33,3,40,S,A,N
552,CB-015893-0,134,Pendiente,01/04/2020,05/12/2019,2,0,2,0,0,0,3,0,0,2020,,2021.0,9.6,9.6,5,40,S,A,S
553,CB-011963-2,134,Aceptado,01/04/2020,26/02/2020,1,1,2,1,0,2,3,0,0,2020,18/08/2021,2021.0,7.67,7.67,4,40,S,A,N
554,CB-016748-3,134,Pendiente,01/04/2020,17/02/2020,2,0,2,0,0,0,3,0,0,2020,,,6.0,6.0,1,40,N,P,N
555,CB-007656-9,134,Aceptado,01/04/2020,04/11/2019,2,0,2,0,1,2,3,0,0,2020,07/08/2021,2021.0,7.0,7.0,26,40,S,A,S
556,CB-015922-7,134,Pendiente,01/04/2020,09/12/2019,1,1,2,0,0,0,3,0,0,2020,23/08/2021,2021.0,5.0,7.8,5,40,S,A,S
557,CB-016060-8,134,Pendiente,01/04/2020,16/12/2019,1,1,2,0,0,0,3,0,0,2020,,,0.0,0.0,0,40,N,P,N
558,CB-013388-1,134,Aceptado,01/04/2020,10/02/2020,1,1,2,0,1,2,3,0,0,2020,23/08/2021,2021.0,6.58,7.0,14,40,S,A,S
559,CB-015970-7,134,Aceptado,01/04/2020,11/12/2019,0,2,2,1,2,0,3,0,0,2020,,2021.0,8.0,8.0,4,40,S,A,N
560,CB-016032-2,134,Pendiente,01/04/2020,13/12/2019,0,2,2,0,0,0,3,0,0,2020,23/08/2021,2021.0,5.5,8.0,6,40,S,A,S
561,CB-015993-6,134,Pendiente,01/04/2020,12/12/2019,2,0,2,0,0,0,3,0,0,2020,18/08/2021,2021.0,6.5,6.89,11,40,S,A,S
562,CB-016074-8,134,Pendiente,01/04/2020,17/12/2019,1,1,2,0,0,0,3,0,0,2020,,2021.0,7.5,7.5,4,40,S,A,N
563,CB-016085-3,134,Pendiente,01/04/2020,17/12/2019,1,1,2,0,0,0,3,0,0,2020,,2021.0,8.5,8.5,2,40,S,A,N
564,CB-016438-7,134,Aceptado,01/04/2020,10/02/2020,1,1,2,0,1,2,3,0,0,2020,,2021.0,7.17,7.17,6,40,S,A,S
565,CB-015836-1,134,Pendiente,01/04/2020,02/12/2019,2,0,2,0,0,0,3,0,0,2020,18/08/2021,2021.0,7.57,7.57,9,40,S,A,S
566,CB-015903-1,134,Pendiente,01/04/2020,06/12/2019,1,1,2,0,0,0,3,0,0,2020,19/08/2021,2021.0,6.13,7.5,8,40,S,A,S
567,CB-015920-1,134,Pendiente,01/04/2020,09/12/2019,2,0,2,0,0,0,3,0,0,2020,,2021.0,7.67,7.67,3,40,S,A,N
568,CB-016021-7,134,Pendiente,01/04/2020,13/12/2019,2,0,2,0,0,0,3,0,0,2020,18/08/2021,2021.0,7.57,7.57,9,40,S,A,S
569,CB-016492-1,134,Aceptado,01/04/2020,06/02/2020,1,1,2,0,0,3,3,0,0,2020,,2021.0,7.0,7.0,4,40,S,A,N
570,CB-015808-5,134,Aceptado,01/04/2020,25/11/2019,1,1,2,1,0,2,3,0,0,2020,,,0.0,0.0,0,40,N,P,N
571,CA-016391-6,130,Aceptado,01/04/2020,19/12/2019,2,0,2,1,1,1,3,0,0,2020,,2021.0,7.6,7.6,10,42,S,A,S
572,CA-016741-5,130,Pendiente,01/04/2020,26/02/2020,1,1,2,0,0,0,3,0,0,2020,,,0.0,0.0,0,42,N,P,N
573,CA-016742-3,130,Pendiente,01/04/2020,26/02/2020,1,1,2,0,0,0,3,0,0,2020,17/08/2021,2021.0,6.45,6.8,10,42,S,A,S
574,CB-016393-3,134,Aceptado,01/04/2020,19/12/2019,1,1,2,1,0,2,3,0,0,2020,,,0.0,0.0,0,40,N,P,N
575,CB-016394-1,134,Pendiente,01/04/2020,19/12/2019,1,1,2,0,0,0,3,0,0,2020,,,8.0,8.0,1,40,N,P,N
576,CB-016758-1,134,Aceptado,01/04/2020,06/03/2020,2,0,2,1,0,2,3,1,0,2020,16/03/2021,2021.0,6.75,6.75,8,40,S,A,S
577,CB-016392-5,134,Pendiente,01/04/2020,19/12/2019,2,0,2,0,0,0,3,0,0,2020,,,8.0,8.0,1,40,N,P,N
578,CB-016746-7,134,Pendiente,01/04/2020,26/02/2020,2,0,2,0,0,0,3,0,0,2020,05/08/2021,2021.0,5.7,6.38,8,40,S,A,S
579,CB-016745-9,134,Pendiente,01/04/2020,26/02/2020,2,0,2,0,0,0,3,0,0,2020,05/08/2021,2021.0,5.91,7.0,8,40,S,A,S
580,CB-016743-2,134,Aceptado,01/04/2020,26/02/2020,1,1,2,0,2,1,3,0,0,2020,,,0.0,0.0,0,40,N,P,N
581,CB-016744-1,134,Aceptado,01/04/2020,26/02/2020,0,2,2,0,0,3,3,0,0,2020,,,8.0,8.0,1,40,N,P,N
